<?xml version="1.0" encoding="UTF-8"?>
<rss version="2.0" xmlns:ror="http://rorweb.com/0.1/" >
<channel>
  <title>ROR Sitemap for https://tripadvocate.herokuapp.com/</title>
  <link>https://tripadvocate.herokuapp.com/</link>

<item>
     <link>https://tripadvocate.herokuapp.com/</link>
     <title>TripAdvocate: Home</title>
     <description>TripAdvocate: Home</description>
     <ror:updatePeriod></ror:updatePeriod>
     <ror:sortOrder>0</ror:sortOrder>
     <ror:resourceOf>sitemap</ror:resourceOf>
</item>
<item>
     <link>https://tripadvocate.herokuapp.com/account/login</link>
     <title>Login</title>
     <description>Login</description>
     <ror:updatePeriod></ror:updatePeriod>
     <ror:sortOrder>1</ror:sortOrder>
     <ror:resourceOf>sitemap</ror:resourceOf>
</item>
<item>
     <link>https://tripadvocate.herokuapp.com/account/register</link>
     <title>Register Account</title>
     <description>Register Account</description>
     <ror:updatePeriod></ror:updatePeriod>
     <ror:sortOrder>1</ror:sortOrder>
     <ror:resourceOf>sitemap</ror:resourceOf>
</item>
<item>
     <link>https://tripadvocate.herokuapp.com/place</link>
     <title>Home Page: Places to see</title>
     <description>Home Page: Places to see</description>
     <ror:updatePeriod></ror:updatePeriod>
     <ror:sortOrder>1</ror:sortOrder>
     <ror:resourceOf>sitemap</ror:resourceOf>
</item>
<item>
     <link>https://tripadvocate.herokuapp.com/account/reset_password</link>
     <title>Reset Password</title>
     <description>Reset Password</description>
     <ror:updatePeriod></ror:updatePeriod>
     <ror:sortOrder>2</ror:sortOrder>
     <ror:resourceOf>sitemap</ror:resourceOf>
</item>
</channel>
</rss>
  