 DROP DATABASE IF EXISTS travelwebsite;

CREATE DATABASE travelwebsite DEFAULT char
SET
    utf8mb4 COLLATE utf8mb4_general_ci;

USE travelwebsite;

CREATE TABLE travelwebsite.user (
    `user_id` INT NOT NULL AUTO_INCREMENT,
    `is_email_verified` boolean not null default(0),
    `role` VARCHAR(64) NOT NULL DEFAULT ('member') CHECK(role IN('member', 'moderator', 'admin')),
    `first_name` VARCHAR(50) NULL,
    `last_name` VARCHAR(50) NULL,
    `username` VARCHAR(100) NULL,
    `email` VARCHAR(100) NULL,
    `password` VARCHAR(50) NULL,
    `password_hash` VARCHAR(70) NULL,
    `city` VARCHAR(50) NULL,
    `state` VARCHAR(50) NULL,
    `country` VARCHAR(50) NULL,
    `registration_time` datetime NULL,
    `last_login_time` DATETIME NULL,
    UNIQUE (`username`),
    UNIQUE (`email`),
    PRIMARY KEY (`user_id`)
);

CREATE TABLE travelwebsite.place (
    `place_id` INT NOT NULL AUTO_INCREMENT,
    `title` VARCHAR(70) NOT NULL,
    `category` VARCHAR(20) NOT NULL,
    `city` VARCHAR(50) NOT NULL,
    `state` VARCHAR(20) NULL,
    `country` VARCHAR(50) NOT NULL,
    `image` VARCHAR(100) NULL,
    PRIMARY KEY (`place_id`)
);

CREATE FULLTEXT INDEX place_fulltext ON travelwebsite.place(`title`, `category`, `city`);

CREATE TABLE travelwebsite.review (
    `review_id` INT NOT NULL AUTO_INCREMENT,
    `user_id` INT NOT NULL,
    `place_id` INT NOT NULL,
    `title` VARCHAR(100) NOT NULL,
    `review_text` TEXT NOT NULL,
    PRIMARY KEY (`review_id`),
    FOREIGN KEY (`user_id`) REFERENCES travelwebsite.user (`user_id`) ON DELETE CASCADE,
    FOREIGN KEY (`place_id`) REFERENCES travelwebsite.place (`place_id`) ON DELETE CASCADE
);

CREATE FULLTEXT INDEX review_review_text ON travelwebsite.review(`review_text`, `title`);


INSERT INTO travelwebsite.place (place_id, title, category, city, state, country, image) VALUES ( 1, 'Gateway Arch', 'thingsToDo', 'St Louis', 'MO', 'USA', '/images/arch.jpg' );
INSERT INTO travelwebsite.place (place_id, title, category, city, state, country, image) VALUES ( 2, 'El Mexiquense', 'restaurants', 'Overland', 'MO', 'USA', '/images/mexiquense.jpg' );
INSERT INTO travelwebsite.place (place_id, title, category, city, state, country, image) VALUES ( 3, 'Denny''s', 'restaurants', 'Belleville', 'IL', 'USA', '/images/dennys.jpg' );
INSERT INTO travelwebsite.place (place_id, title, category, city, state, country, image) VALUES ( 4, 'St Louis Art Museum', 'thingsToDo', 'St Louis', 'MO', 'USA', '/images/slam.jpg' );
INSERT INTO travelwebsite.place (place_id, title, category, city, state, country, image) VALUES ( 5, 'Ritz-Carlton', 'hotels', 'Clayton', 'MO', 'USA', '/images/ritz.jpg' );
INSERT INTO travelwebsite.place (place_id, title, category, city, state, country, image) VALUES ( 6, 'Magic House - Kirkwood', 'thingsToDo', 'Kirkwood', 'MO', 'USA', '/images/slam.jpg' );
INSERT INTO travelwebsite.place (place_id, title, category, city, state, country, image) VALUES ( 7, 'Sears Tower', 'thingsToDo', 'Chicago', 'IL', 'USA', '/images/slam.jpg' );
INSERT INTO travelwebsite.place (place_id, title, category, city, state, country, image) VALUES ( 8, 'Kitesurfing on Creve Coeur Lake', 'thingsToDo', 'Creve Coeur', 'MO', 'USA', '/images/slam.jpg' );
INSERT INTO travelwebsite.place (place_id, title, category, city, state, country, image) VALUES ( 9, 'Taco Cabana', 'restaurants', 'San Antonio', 'TX', 'USA', '/images/slam.jpg' );
INSERT INTO travelwebsite.place (place_id, title, category, city, state, country, image) VALUES ( 10, 'Lulu''s Vegan Café', 'restaurants', 'St Louis', 'MO', 'USA', '/images/slam.jpg' );
INSERT INTO travelwebsite.place (place_id, title, category, city, state, country, image) VALUES ( 11, 'Nobu Japanese', 'restaurants', 'Chicago', 'IL', 'USA', '/images/slam.jpg' );
INSERT INTO travelwebsite.place (place_id, title, category, city, state, country, image) VALUES ( 12, 'Marriott', 'hotels', 'Frankfurt', 'Rheinland-Pfalz', 'Germany', '/images/slam.jpg' );
INSERT INTO travelwebsite.place (place_id, title, category, city, state, country, image) VALUES ( 13, 'The W', 'hotels', 'Manhattan', 'NY', 'USA', '/images/slam.jpg' );
INSERT INTO travelwebsite.place (place_id, title, category, city, state, country, image) VALUES ( 14, 'St Louis Science Center', 'thingsToDo', 'St Louis', 'MO', 'USA', '/images/slam.jpg' );
INSERT INTO travelwebsite.place (place_id, title, category, city, state, country, image) VALUES ( 15, 'Twisted Tree', 'restaurants', 'Sunset Hills', 'MO', 'USA', '/images/slam.jpg' );
INSERT INTO travelwebsite.place (place_id, title, category, city, state, country, image) VALUES ( 16, 'The Standar', 'hotels', 'London', 'City of London', 'United Kingdom', '/images/slam.jpg');
INSERT INTO travelwebsite.place (place_id, title, category, city, state, country, image) VALUES ( 17, 'Meridian - Singapore', 'hotels', 'Singapore', 'Joo Hoon', 'Singapore', '/images/slam.jpg');
INSERT INTO travelwebsite.place (place_id, title, category, city, state, country, image) VALUES ( 18, 'Great Wall of China', 'thingsToDo', 'Shin-Tsui', NULL, 'China', '/images/slam.jpg' );
INSERT INTO travelwebsite.place (place_id, title, category, city, state, country, image) VALUES ( 19, 'Golden Gate Bridge', 'thingsToDo', 'San Francisco', 'CA', 'USA', '/images/slam.jpg' );
INSERT INTO travelwebsite.place (place_id, title, category, city, state, country, image) VALUES ( 20, 'Pasta House', 'restaurants', 'Worcester', NULL, 'South Africa', '/images/slam.jpg' );

insert into travelwebsite.user (user_id, first_name, last_name, username, email, password, password_hash, city, state, country, last_login_time) values (1, 'Gwen', 'Aldins', 'admin', 'galdins0@exblog.jp', 'password', '$2b$10$13b8QfeLDyXHujMjEEuvFOdNYAxFMMoDRojdaeQQxOe9wzT/NYwk2', 'Dū Qal‘ah', null, 'Afghanistan', '2020-10-04 09:44:29');
insert into travelwebsite.user (user_id, first_name, last_name, username, email, password, password_hash, city, state, country, last_login_time) values (2, 'Justino', 'Dumbell', 'jdumbell1', 'jdumbell1@statcounter.com', 'wordpass', '$2b$10$HvzHTWGCkjaNJB.OnEsIfO3F.J3Do40Y5biybc5BhKhFSAIhe8/Qy', 'Babushkin', null, 'Russia', '2020-06-13 09:13:34');
insert into travelwebsite.user (user_id, first_name, last_name, username, email, password, password_hash, city, state, country, last_login_time) values (3, 'Jennine', 'Creigan', 'jcreigan2', 'jcreigan2@guardian.co.uk', 'P@ssw0rd', '$2b$10$13b8QfeLDyXHujMjEEuvFOdNYAxFMMoDRojdaeQQxOe9wzT/NYwk2', 'Belverde', 'Setúbal', 'Portugal', '2019-12-23 07:16:13');
insert into travelwebsite.user (user_id, first_name, last_name, username, email, password, password_hash, city, state, country, last_login_time) values (4, 'Saree', 'Gon', 'sgon3', 'sgon3@trellian.com', 'DnP9oZkHLX', '4YMKH1', 'Har Nur', null, 'China', '2020-04-15 03:31:34');
insert into travelwebsite.user (user_id, first_name, last_name, username, email, password, password_hash, city, state, country, last_login_time) values (5, 'Cchaddie', 'Phillins', 'cphillins4', 'cphillins4@aol.com', 'YS5XN3Gjs0c', 'YTRaDVKda', 'Loutráki', null, 'Greece', '2020-08-28 20:04:31');
insert into travelwebsite.user (user_id, first_name, last_name, username, email, password, password_hash, city, state, country, last_login_time) values (6, 'Obidiah', 'Hubbert', 'ohubbert5', 'ohubbert5@wikia.com', 'Dg5GqIPbnQy3', 'Ey5DUKrIY2', 'Asempapan', null, 'Indonesia', '2019-12-16 07:25:57');
insert into travelwebsite.user (user_id, first_name, last_name, username, email, password, password_hash, city, state, country, last_login_time) values (7, 'Jere', 'Shovelbottom', 'jshovelbottom6', 'jshovelbottom6@blogspot.com', 'ZKreOB', 'HNa8rt6AdqR', 'Ochër', null, 'Russia', '2020-03-22 08:12:01');
insert into travelwebsite.user (user_id, first_name, last_name, username, email, password, password_hash, city, state, country, last_login_time) values (8, 'Bill', 'Blanque', 'bblanque7', 'bblanque7@irs.gov', 'pzD5CCI5LvzL', 'o3w9cjZJVpi', 'Pecka', null, 'Czech Republic', '2020-10-19 19:28:16');
insert into travelwebsite.user (user_id, first_name, last_name, username, email, password, password_hash, city, state, country, last_login_time) values (9, 'Rosabel', 'Vitler', 'rvitler8', 'rvitler8@list-manage.com', 'sdEzRsRiUx', 'GFUeqtzEccJ', 'Janów', null, 'Poland', '2020-02-25 05:10:41');
insert into travelwebsite.user (user_id, first_name, last_name, username, email, password, password_hash, city, state, country, last_login_time) values (10, 'Amalea', 'Clacson', 'aclacson9', 'aclacson9@g.co', 'FhZnIaZ9v', 'UoIKLohJQv', 'Candi Prambanan', null, 'Indonesia', '2020-07-11 16:11:27');
insert into travelwebsite.user (user_id, first_name, last_name, username, email, password, password_hash, city, state, country, last_login_time) values (11, 'Allsun', 'Kenrack', 'akenracka', 'akenracka@geocities.com', 'ZduyyAGq', 'dddVYhbDnuB', 'Orange', 'Provence-Alpes-Côte d''Azur', 'France', '2019-12-28 04:00:41');
insert into travelwebsite.user (user_id, first_name, last_name, username, email, password, password_hash, city, state, country, last_login_time) values (12, 'Mariel', 'Aggas', 'maggasb', 'maggasb@yandex.ru', 'GNDFm3gB', 'A0wcDKn', 'Lewolang', null, 'Indonesia', '2020-01-05 16:14:29');
insert into travelwebsite.user (user_id, first_name, last_name, username, email, password, password_hash, city, state, country, last_login_time) values (13, 'Sabra', 'Dollin', 'sdollinc', 'sdollinc@ask.com', 'ntAfzGUg', 'fsWa8hdwR', 'Kista', 'Stockholm', 'Sweden', '2019-11-10 14:18:57');
insert into travelwebsite.user (user_id, first_name, last_name, username, email, password, password_hash, city, state, country, last_login_time) values (14, 'Corey', 'Kennermann', 'ckennermannd', 'ckennermannd@princeton.edu', 'dpqzK5H4P6i', 'HmPHgArkW', 'Guingamp', 'Bretagne', 'France', '2019-11-21 20:37:13');
insert into travelwebsite.user (user_id, first_name, last_name, username, email, password, password_hash, city, state, country, last_login_time) values (15, 'Lizzy', 'Perrygo', 'lperrygoe', 'lperrygoe@digg.com', 'lMCzWJV', 'Yto4qolRGgI', 'Andrijevica', null, 'Montenegro', '2020-06-15 17:55:21');
insert into travelwebsite.user (user_id, first_name, last_name, username, email, password, password_hash, city, state, country, last_login_time) values (16, 'Mercy', 'Summersby', 'msummersbyf', 'msummersbyf@paypal.com', 'a28pB6QF', '7FItiFGqM', 'Shushi', null, 'Azerbaijan', '2020-07-17 19:37:27');
insert into travelwebsite.user (user_id, first_name, last_name, username, email, password, password_hash, city, state, country, last_login_time) values (17, 'Fabien', 'Freebury', 'ffreeburyg', 'ffreeburyg@google.es', '0IJbsh', 'z6xAfu', 'Bălţi', null, 'Moldova', '2020-03-21 14:32:58');
insert into travelwebsite.user (user_id, first_name, last_name, username, email, password, password_hash, city, state, country, last_login_time) values (18, 'Harcourt', 'Pencost', 'hpencosth', 'hpencosth@twitter.com', 'WGQ62U4790', 'Ud7C1hFb', 'Causwagan', null, 'Philippines', '2020-09-18 16:43:19');
insert into travelwebsite.user (user_id, first_name, last_name, username, email, password, password_hash, city, state, country, last_login_time) values (19, 'Albertina', 'Stocks', 'astocksi', 'astocksi@latimes.com', 'mo2QPVT', '9PT0WDj', 'Bultfontein', null, 'South Africa', '2020-01-22 20:33:53');
insert into travelwebsite.user (user_id, first_name, last_name, username, email, password, password_hash, city, state, country, last_login_time) values (20, 'Gayelord', 'Capeling', 'gcapelingj', 'gcapelingj@illinois.edu', 'MWgBhvsZJJs5', 'lWtIlu', 'Badarganj', null, 'Bangladesh', '2020-03-29 02:55:48');
insert into travelwebsite.user (user_id, first_name, last_name, username, email, password, password_hash, city, state, country, last_login_time) values (21, 'Gussi', 'Grzegorzewski', 'ggrzegorzewskik', 'ggrzegorzewskik@census.gov', 'nE4aGyYhX', 'LBLBry9NQLEd', 'Yāsūf', null, 'Palestinian Territory', '2020-06-26 15:23:19');
insert into travelwebsite.user (user_id, first_name, last_name, username, email, password, password_hash, city, state, country, last_login_time) values (22, 'Neda', 'MacConneely', 'nmacconneelyl', 'nmacconneelyl@vkontakte.ru', 'fEDf3IUstNcs', 'f7HobrXy78p', 'Ercheng', null, 'China', '2020-03-22 13:39:10');
insert into travelwebsite.user (user_id, first_name, last_name, username, email, password, password_hash, city, state, country, last_login_time) values (23, 'Hernando', 'Hasty', 'hhastym', 'hhastym@tinypic.com', 'Ew102y', '9d3wKpvH7w', 'Mullsjö', 'Jönköping', 'Sweden', '2020-06-02 01:08:56');
insert into travelwebsite.user (user_id, first_name, last_name, username, email, password, password_hash, city, state, country, last_login_time) values (24, 'Pepe', 'Riordan', 'priordann', 'priordann@irs.gov', 'ftD0dqK2M', 'nlTNy7sOsW', 'Neyagawa', null, 'Japan', '2020-09-26 03:10:06');
insert into travelwebsite.user (user_id, first_name, last_name, username, email, password, password_hash, city, state, country, last_login_time) values (25, 'Gherardo', 'Ionnidis', 'gionnidiso', 'gionnidiso@cdc.gov', 'QhTQzbYkbi', 'GZVXaccA', 'Usevia', null, 'Tanzania', '2019-12-06 00:24:41');
insert into travelwebsite.user (user_id, first_name, last_name, username, email, password, password_hash, city, state, country, last_login_time) values (26, 'Carlee', 'Peat', 'cpeatp', 'cpeatp@multiply.com', 'gj1ylfa2smKp', 'VQ2vKKv', 'Cabiguan', null, 'Philippines', '2019-11-21 11:52:21');
insert into travelwebsite.user (user_id, first_name, last_name, username, email, password, password_hash, city, state, country, last_login_time) values (27, 'Daryl', 'Ellerey', 'dellereyq', 'dellereyq@aboutads.info', 'J4r3PFIN', 'APJKPX7aZVvB', 'Storvik', 'Gävleborg', 'Sweden', '2020-01-30 08:25:49');
insert into travelwebsite.user (user_id, first_name, last_name, username, email, password, password_hash, city, state, country, last_login_time) values (28, 'Mommy', 'Membry', 'mmembryr', 'mmembryr@uol.com.br', 'Cafa5E27l', 'ayyUVReVNPWH', 'Lyskovo', null, 'Russia', '2020-01-14 06:51:59');
insert into travelwebsite.user (user_id, first_name, last_name, username, email, password, password_hash, city, state, country, last_login_time) values (29, 'Rowe', 'Vautin', 'rvautins', 'rvautins@bloglovin.com', 'CzDAK8UYIjMg', 'SrXHx1st', 'Haikoudajie', null, 'China', '2019-11-27 21:09:50');
insert into travelwebsite.user (user_id, first_name, last_name, username, email, password, password_hash, city, state, country, last_login_time) values (30, 'Abeu', 'Duffan', 'aduffant', 'aduffant@homestead.com', 'msJ03wpHI', 'FCaYP0', 'Sundsvall', 'Västernorrland', 'Sweden', '2020-10-19 14:58:53');


insert into travelwebsite.review (review_id, user_id, place_id, title, review_text) values (1, 24, 10, 'e-enable customized initiatives', 'interdum eu tincidunt in leo maecenas pulvinar lobortis est phasellus sit amet erat nulla tempus vivamus in felis eu sapien cursus vestibulum proin eu mi nulla');
insert into travelwebsite.review (review_id, user_id, place_id, title, review_text) values (2, 12, 2, 'synthesize bleeding-edge content', 'ipsum aliquam non mauris morbi non lectus aliquam sit amet diam in magna bibendum imperdiet nullam orci pede venenatis non sodales sed tincidunt eu felis fusce posuere felis sed lacus');
insert into travelwebsite.review (review_id, user_id, place_id, title, review_text) values (3, 8, 12, 'brand out-of-the-box channels', 'dui maecenas tristique est et tempus semper est quam pharetra magna ac consequat metus sapien ut nunc vestibulum ante ipsum primis in faucibus orci luctus et ultrices posuere cubilia');
insert into travelwebsite.review (review_id, user_id, place_id, title, review_text) values (4, 3, 11, 'enhance synergistic metrics', 'morbi vel lectus in quam fringilla rhoncus mauris enim leo rhoncus sed vestibulum sit amet cursus id turpis integer aliquet massa id lobortis convallis tortor risus dapibus');
insert into travelwebsite.review (review_id, user_id, place_id, title, review_text) values (5, 14, 4, 'deliver proactive infomediaries', 'nunc purus phasellus in felis donec semper sapien a libero nam dui proin leo odio porttitor id consequat in consequat ut nulla sed accumsan felis ut at');
insert into travelwebsite.review (review_id, user_id, place_id, title, review_text) values (6, 8, 16, 'streamline interactive supply-chains', 'ipsum primis in faucibus orci luctus et ultrices posuere cubilia curae nulla dapibus dolor vel est donec odio justo sollicitudin ut suscipit a feugiat et eros vestibulum');
insert into travelwebsite.review (review_id, user_id, place_id, title, review_text) values (7, 13, 3, 'enable global experiences', 'bibendum felis sed interdum venenatis turpis enim blandit mi in porttitor pede justo eu massa donec dapibus duis at velit eu est congue elementum in');
insert into travelwebsite.review (review_id, user_id, place_id, title, review_text) values (8, 1, 7, 'architect killer metrics', 'pede lobortis ligula sit amet eleifend pede libero quis orci nullam molestie nibh in lectus pellentesque at nulla suspendisse potenti cras in purus');
insert into travelwebsite.review (review_id, user_id, place_id, title, review_text) values (9, 23, 8, 'visualize world-class technologies', 'nascetur ridiculus mus etiam vel augue vestibulum rutrum rutrum neque aenean auctor gravida sem praesent id massa id nisl venenatis lacinia aenean');
insert into travelwebsite.review (review_id, user_id, place_id, title, review_text) values (10, 22, 16, 'syndicate open-source interfaces', 'pede venenatis non sodales sed tincidunt eu felis fusce posuere felis sed lacus morbi sem mauris laoreet ut rhoncus aliquet pulvinar sed nisl nunc');
insert into travelwebsite.review (review_id, user_id, place_id, title, review_text) values (11, 7, 20, 'synergize user-centric metrics', 'cubilia curae nulla dapibus dolor vel est donec odio justo sollicitudin ut suscipit a feugiat et eros vestibulum ac est lacinia nisi venenatis tristique fusce congue');
insert into travelwebsite.review (review_id, user_id, place_id, title, review_text) values (12, 10, 12, 'recontextualize synergistic bandwidth', 'in blandit ultrices enim lorem ipsum dolor sit amet consectetuer adipiscing elit proin interdum mauris non ligula pellentesque ultrices phasellus id sapien in sapien iaculis congue');
insert into travelwebsite.review (review_id, user_id, place_id, title, review_text) values (13, 3, 7, 'innovate real-time relationships', 'nibh ligula nec sem duis aliquam convallis nunc proin at turpis a pede posuere nonummy integer non velit donec diam neque vestibulum eget');
insert into travelwebsite.review (review_id, user_id, place_id, title, review_text) values (14, 24, 19, 'architect end-to-end synergies', 'neque libero convallis eget eleifend luctus ultricies eu nibh quisque id justo sit amet sapien dignissim vestibulum vestibulum ante ipsum primis in faucibus orci luctus et');
insert into travelwebsite.review (review_id, user_id, place_id, title, review_text) values (15, 15, 14, 'empower plug-and-play channels', 'vitae ipsum aliquam non mauris morbi non lectus aliquam sit amet diam in magna bibendum imperdiet nullam orci pede venenatis non sodales sed tincidunt eu');
insert into travelwebsite.review (review_id, user_id, place_id, title, review_text) values (16, 26, 15, 'morph collaborative infrastructures', 'orci luctus et ultrices posuere cubilia curae nulla dapibus dolor vel est donec odio justo sollicitudin ut suscipit a feugiat et eros vestibulum ac est lacinia nisi');
insert into travelwebsite.review (review_id, user_id, place_id, title, review_text) values (17, 20, 12, 'cultivate impactful channels', 'porttitor pede justo eu massa donec dapibus duis at velit eu est congue elementum in hac habitasse platea dictumst morbi vestibulum velit id pretium iaculis');
insert into travelwebsite.review (review_id, user_id, place_id, title, review_text) values (18, 29, 13, 'innovate dot-com communities', 'orci luctus et ultrices posuere cubilia curae nulla dapibus dolor vel est donec odio justo sollicitudin ut suscipit a feugiat et eros vestibulum ac est lacinia nisi venenatis tristique fusce');
insert into travelwebsite.review (review_id, user_id, place_id, title, review_text) values (19, 8, 6, 'unleash web-enabled e-services', 'sapien a libero nam dui proin leo odio porttitor id consequat in consequat ut nulla sed accumsan felis ut at dolor quis odio consequat varius integer ac leo');
insert into travelwebsite.review (review_id, user_id, place_id, title, review_text) values (20, 18, 6, 'target 24/365 e-markets', 'integer tincidunt ante vel ipsum praesent blandit lacinia erat vestibulum sed magna at nunc commodo placerat praesent blandit nam nulla integer pede justo lacinia eget tincidunt eget tempus vel pede');
insert into travelwebsite.review (review_id, user_id, place_id, title, review_text) values (21, 15, 17, 'extend ubiquitous technologies', 'varius nulla facilisi cras non velit nec nisi vulputate nonummy maecenas tincidunt lacus at velit vivamus vel nulla eget eros elementum pellentesque quisque porta volutpat erat quisque erat');
insert into travelwebsite.review (review_id, user_id, place_id, title, review_text) values (22, 17, 3, 'syndicate magnetic applications', 'ultrices vel augue vestibulum ante ipsum primis in faucibus orci luctus et ultrices posuere cubilia curae donec pharetra magna vestibulum aliquet ultrices erat tortor sollicitudin');
insert into travelwebsite.review (review_id, user_id, place_id, title, review_text) values (23, 12, 13, 'repurpose web-enabled communities', 'imperdiet et commodo vulputate justo in blandit ultrices enim lorem ipsum dolor sit amet consectetuer adipiscing elit proin interdum mauris non ligula pellentesque ultrices phasellus');
insert into travelwebsite.review (review_id, user_id, place_id, title, review_text) values (24, 23, 16, 'architect wireless metrics', 'felis donec semper sapien a libero nam dui proin leo odio porttitor id consequat in consequat ut nulla sed accumsan felis ut at dolor quis odio consequat varius integer');
insert into travelwebsite.review (review_id, user_id, place_id, title, review_text) values (25, 10, 16, 'monetize scalable partnerships', 'sed vestibulum sit amet cursus id turpis integer aliquet massa id lobortis convallis tortor risus dapibus augue vel accumsan tellus nisi eu orci mauris lacinia');
insert into travelwebsite.review (review_id, user_id, place_id, title, review_text) values (26, 8, 11, 'maximize leading-edge applications', 'eget elit sodales scelerisque mauris sit amet eros suspendisse accumsan tortor quis turpis sed ante vivamus tortor duis mattis egestas metus aenean fermentum donec ut mauris eget');
insert into travelwebsite.review (review_id, user_id, place_id, title, review_text) values (27, 7, 2, 'reintermediate enterprise systems', 'in sapien iaculis congue vivamus metus arcu adipiscing molestie hendrerit at vulputate vitae nisl aenean lectus pellentesque eget nunc donec quis orci eget orci vehicula condimentum curabitur in libero');
insert into travelwebsite.review (review_id, user_id, place_id, title, review_text) values (28, 27, 13, 'extend end-to-end systems', 'etiam vel augue vestibulum rutrum rutrum neque aenean auctor gravida sem praesent id massa id nisl venenatis lacinia aenean sit amet justo morbi ut odio cras');
insert into travelwebsite.review (review_id, user_id, place_id, title, review_text) values (29, 22, 6, 'empower world-class action-items', 'sollicitudin vitae consectetuer eget rutrum at lorem integer tincidunt ante vel ipsum praesent blandit lacinia erat vestibulum sed magna at nunc');
insert into travelwebsite.review (review_id, user_id, place_id, title, review_text) values (30, 19, 3, 'implement extensible methodologies', 'pellentesque ultrices mattis odio donec vitae nisi nam ultrices libero non mattis pulvinar nulla pede ullamcorper augue a suscipit nulla elit ac nulla sed vel enim sit amet');
insert into travelwebsite.review (review_id, user_id, place_id, title, review_text) values (31, 29, 14, 'target 24/7 markets', 'non mattis pulvinar nulla pede ullamcorper augue a suscipit nulla elit ac nulla sed vel enim sit amet nunc viverra dapibus nulla suscipit ligula in lacus curabitur');
insert into travelwebsite.review (review_id, user_id, place_id, title, review_text) values (32, 7, 12, 'seize wireless web-readiness', 'non velit donec diam neque vestibulum eget vulputate ut ultrices vel augue vestibulum ante ipsum primis in faucibus orci luctus et ultrices posuere cubilia curae donec pharetra');
insert into travelwebsite.review (review_id, user_id, place_id, title, review_text) values (33, 15, 4, 'generate strategic solutions', 'ultrices posuere cubilia curae donec pharetra magna vestibulum aliquet ultrices erat tortor sollicitudin mi sit amet lobortis sapien sapien non');
insert into travelwebsite.review (review_id, user_id, place_id, title, review_text) values (34, 25, 2, 'utilize scalable e-services', 'non quam nec dui luctus rutrum nulla tellus in sagittis dui vel nisl duis ac nibh fusce lacus purus aliquet at feugiat non pretium quis');
insert into travelwebsite.review (review_id, user_id, place_id, title, review_text) values (35, 27, 13, 'recontextualize sexy niches', 'morbi ut odio cras mi pede malesuada in imperdiet et commodo vulputate justo in blandit ultrices enim lorem ipsum dolor sit amet consectetuer adipiscing elit proin interdum mauris');
insert into travelwebsite.review (review_id, user_id, place_id, title, review_text) values (36, 24, 3, 'generate wireless experiences', 'eget vulputate ut ultrices vel augue vestibulum ante ipsum primis in faucibus orci luctus et ultrices posuere cubilia curae donec pharetra magna vestibulum aliquet ultrices erat tortor');
insert into travelwebsite.review (review_id, user_id, place_id, title, review_text) values (37, 30, 9, 'productize scalable niches', 'rhoncus aliquam lacus morbi quis tortor id nulla ultrices aliquet maecenas leo odio condimentum id luctus nec molestie sed justo pellentesque viverra pede ac diam cras pellentesque');
insert into travelwebsite.review (review_id, user_id, place_id, title, review_text) values (38, 2, 2, 'embrace vertical methodologies', 'morbi a ipsum integer a nibh in quis justo maecenas rhoncus aliquam lacus morbi quis tortor id nulla ultrices aliquet maecenas leo odio');
insert into travelwebsite.review (review_id, user_id, place_id, title, review_text) values (39, 5, 17, 'aggregate back-end action-items', 'odio odio elementum eu interdum eu tincidunt in leo maecenas pulvinar lobortis est phasellus sit amet erat nulla tempus vivamus in');
insert into travelwebsite.review (review_id, user_id, place_id, title, review_text) values (40, 3, 10, 'expedite cross-platform e-business', 'lectus pellentesque eget nunc donec quis orci eget orci vehicula condimentum curabitur in libero ut massa volutpat convallis morbi odio odio');
insert into travelwebsite.review (review_id, user_id, place_id, title, review_text) values (41, 4, 18, 'enable proactive infrastructures', 'velit nec nisi vulputate nonummy maecenas tincidunt lacus at velit vivamus vel nulla eget eros elementum pellentesque quisque porta volutpat erat');
insert into travelwebsite.review (review_id, user_id, place_id, title, review_text) values (42, 14, 19, 'leverage end-to-end action-items', 'nunc rhoncus dui vel sem sed sagittis nam congue risus semper porta volutpat quam pede lobortis ligula sit amet eleifend pede');
insert into travelwebsite.review (review_id, user_id, place_id, title, review_text) values (43, 29, 2, 'reinvent killer interfaces', 'velit eu est congue elementum in hac habitasse platea dictumst morbi vestibulum velit id pretium iaculis diam erat fermentum justo nec condimentum neque sapien');
insert into travelwebsite.review (review_id, user_id, place_id, title, review_text) values (44, 24, 3, 'monetize customized schemas', 'eleifend luctus ultricies eu nibh quisque id justo sit amet sapien dignissim vestibulum vestibulum ante ipsum primis in faucibus orci luctus et ultrices posuere');
insert into travelwebsite.review (review_id, user_id, place_id, title, review_text) values (45, 16, 8, 'cultivate viral users', 'augue vestibulum ante ipsum primis in faucibus orci luctus et ultrices posuere cubilia curae donec pharetra magna vestibulum aliquet ultrices erat');
insert into travelwebsite.review (review_id, user_id, place_id, title, review_text) values (46, 28, 11, 'unleash cross-media web-readiness', 'duis bibendum morbi non quam nec dui luctus rutrum nulla tellus in sagittis dui vel nisl duis ac nibh fusce lacus purus aliquet at feugiat non pretium quis');
insert into travelwebsite.review (review_id, user_id, place_id, title, review_text) values (47, 25, 20, 'e-enable magnetic initiatives', 'vestibulum aliquet ultrices erat tortor sollicitudin mi sit amet lobortis sapien sapien non mi integer ac neque duis bibendum morbi non quam nec dui luctus rutrum nulla tellus');
insert into travelwebsite.review (review_id, user_id, place_id, title, review_text) values (48, 30, 17, 'optimize distributed infomediaries', 'mauris laoreet ut rhoncus aliquet pulvinar sed nisl nunc rhoncus dui vel sem sed sagittis nam congue risus semper porta volutpat quam pede lobortis ligula sit amet');
insert into travelwebsite.review (review_id, user_id, place_id, title, review_text) values (49, 30, 13, 'repurpose ubiquitous eyeballs', 'vulputate vitae nisl aenean lectus pellentesque eget nunc donec quis orci eget orci vehicula condimentum curabitur in libero ut massa volutpat convallis morbi odio odio elementum eu interdum');
insert into travelwebsite.review (review_id, user_id, place_id, title, review_text) values (50, 2, 10, 'unleash extensible experiences', 'nullam orci pede venenatis non sodales sed tincidunt eu felis fusce posuere felis sed lacus morbi sem mauris laoreet ut');
insert into travelwebsite.review (review_id, user_id, place_id, title, review_text) values (51, 29, 16, 'brand frictionless eyeballs', 'eget massa tempor convallis nulla neque libero convallis eget eleifend luctus ultricies eu nibh quisque id justo sit amet sapien dignissim vestibulum');
insert into travelwebsite.review (review_id, user_id, place_id, title, review_text) values (52, 23, 8, 'grow impactful mindshare', 'augue vel accumsan tellus nisi eu orci mauris lacinia sapien quis libero nullam sit amet turpis elementum ligula vehicula consequat morbi a ipsum integer a');
insert into travelwebsite.review (review_id, user_id, place_id, title, review_text) values (53, 2, 1, 'whiteboard B2B partnerships', 'duis consequat dui nec nisi volutpat eleifend donec ut dolor morbi vel lectus in quam fringilla rhoncus mauris enim leo rhoncus sed');
insert into travelwebsite.review (review_id, user_id, place_id, title, review_text) values (54, 21, 8, 'architect back-end e-markets', 'semper rutrum nulla nunc purus phasellus in felis donec semper sapien a libero nam dui proin leo odio porttitor id consequat in consequat ut nulla sed accumsan felis ut at');
insert into travelwebsite.review (review_id, user_id, place_id, title, review_text) values (55, 24, 14, 'empower bricks-and-clicks vortals', 'cubilia curae mauris viverra diam vitae quam suspendisse potenti nullam porttitor lacus at turpis donec posuere metus vitae ipsum aliquam non mauris');
insert into travelwebsite.review (review_id, user_id, place_id, title, review_text) values (56, 6, 2, 'streamline vertical action-items', 'proin risus praesent lectus vestibulum quam sapien varius ut blandit non interdum in ante vestibulum ante ipsum primis in faucibus orci luctus et ultrices posuere cubilia curae duis faucibus');
insert into travelwebsite.review (review_id, user_id, place_id, title, review_text) values (57, 28, 10, 'deploy compelling e-business', 'non interdum in ante vestibulum ante ipsum primis in faucibus orci luctus et ultrices posuere cubilia curae duis faucibus accumsan odio curabitur');
insert into travelwebsite.review (review_id, user_id, place_id, title, review_text) values (58, 7, 3, 'generate visionary bandwidth', 'rutrum at lorem integer tincidunt ante vel ipsum praesent blandit lacinia erat vestibulum sed magna at nunc commodo placerat praesent blandit nam nulla');
insert into travelwebsite.review (review_id, user_id, place_id, title, review_text) values (59, 26, 3, 'expedite vertical mindshare', 'justo nec condimentum neque sapien placerat ante nulla justo aliquam quis turpis eget elit sodales scelerisque mauris sit amet eros suspendisse accumsan tortor quis turpis sed ante vivamus tortor duis');
insert into travelwebsite.review (review_id, user_id, place_id, title, review_text) values (60, 27, 13, 'orchestrate next-generation paradigms', 'at lorem integer tincidunt ante vel ipsum praesent blandit lacinia erat vestibulum sed magna at nunc commodo placerat praesent blandit nam');
insert into travelwebsite.review (review_id, user_id, place_id, title, review_text) values (61, 25, 14, 'facilitate one-to-one partnerships', 'ipsum dolor sit amet consectetuer adipiscing elit proin interdum mauris non ligula pellentesque ultrices phasellus id sapien in sapien iaculis congue vivamus metus arcu adipiscing molestie hendrerit at');
insert into travelwebsite.review (review_id, user_id, place_id, title, review_text) values (62, 12, 7, 'revolutionize best-of-breed partnerships', 'luctus et ultrices posuere cubilia curae donec pharetra magna vestibulum aliquet ultrices erat tortor sollicitudin mi sit amet lobortis sapien sapien non mi integer ac neque duis bibendum morbi');
insert into travelwebsite.review (review_id, user_id, place_id, title, review_text) values (63, 21, 20, 'synergize e-business methodologies', 'dictumst etiam faucibus cursus urna ut tellus nulla ut erat id mauris vulputate elementum nullam varius nulla facilisi cras non velit');
insert into travelwebsite.review (review_id, user_id, place_id, title, review_text) values (64, 19, 6, 'reintermediate e-business infomediaries', 'duis mattis egestas metus aenean fermentum donec ut mauris eget massa tempor convallis nulla neque libero convallis eget eleifend luctus ultricies eu nibh quisque');
insert into travelwebsite.review (review_id, user_id, place_id, title, review_text) values (65, 23, 8, 'utilize ubiquitous relationships', 'posuere metus vitae ipsum aliquam non mauris morbi non lectus aliquam sit amet diam in magna bibendum imperdiet nullam orci pede venenatis non sodales sed');
insert into travelwebsite.review (review_id, user_id, place_id, title, review_text) values (66, 4, 18, 'integrate cross-media users', 'turpis integer aliquet massa id lobortis convallis tortor risus dapibus augue vel accumsan tellus nisi eu orci mauris lacinia sapien quis libero nullam sit');
insert into travelwebsite.review (review_id, user_id, place_id, title, review_text) values (67, 1, 19, 'redefine scalable eyeballs', 'lorem ipsum dolor sit amet consectetuer adipiscing elit proin interdum mauris non ligula pellentesque ultrices phasellus id sapien in sapien iaculis congue vivamus metus arcu adipiscing molestie hendrerit at');
insert into travelwebsite.review (review_id, user_id, place_id, title, review_text) values (68, 29, 17, 'recontextualize cross-platform convergence', 'quis libero nullam sit amet turpis elementum ligula vehicula consequat morbi a ipsum integer a nibh in quis justo maecenas rhoncus aliquam lacus morbi quis tortor id nulla');
insert into travelwebsite.review (review_id, user_id, place_id, title, review_text) values (69, 3, 12, 'grow cutting-edge e-services', 'morbi vel lectus in quam fringilla rhoncus mauris enim leo rhoncus sed vestibulum sit amet cursus id turpis integer aliquet massa id lobortis convallis tortor');
insert into travelwebsite.review (review_id, user_id, place_id, title, review_text) values (70, 11, 15, 'cultivate collaborative deliverables', 'curabitur convallis duis consequat dui nec nisi volutpat eleifend donec ut dolor morbi vel lectus in quam fringilla rhoncus mauris enim leo rhoncus sed');
insert into travelwebsite.review (review_id, user_id, place_id, title, review_text) values (71, 23, 11, 'whiteboard virtual convergence', 'pretium iaculis justo in hac habitasse platea dictumst etiam faucibus cursus urna ut tellus nulla ut erat id mauris vulputate elementum nullam varius nulla facilisi cras non velit');
insert into travelwebsite.review (review_id, user_id, place_id, title, review_text) values (72, 8, 12, 'deploy open-source metrics', 'hac habitasse platea dictumst morbi vestibulum velit id pretium iaculis diam erat fermentum justo nec condimentum neque sapien placerat ante');
insert into travelwebsite.review (review_id, user_id, place_id, title, review_text) values (73, 11, 12, 'cultivate compelling initiatives', 'praesent lectus vestibulum quam sapien varius ut blandit non interdum in ante vestibulum ante ipsum primis in faucibus orci luctus');
insert into travelwebsite.review (review_id, user_id, place_id, title, review_text) values (74, 20, 10, 'incubate customized communities', 'curabitur at ipsum ac tellus semper interdum mauris ullamcorper purus sit amet nulla quisque arcu libero rutrum ac lobortis vel');
insert into travelwebsite.review (review_id, user_id, place_id, title, review_text) values (75, 18, 11, 'leverage rich relationships', 'ultrices phasellus id sapien in sapien iaculis congue vivamus metus arcu adipiscing molestie hendrerit at vulputate vitae nisl aenean lectus pellentesque eget');
insert into travelwebsite.review (review_id, user_id, place_id, title, review_text) values (76, 29, 11, 'repurpose leading-edge mindshare', 'mauris non ligula pellentesque ultrices phasellus id sapien in sapien iaculis congue vivamus metus arcu adipiscing molestie hendrerit at vulputate vitae nisl');
insert into travelwebsite.review (review_id, user_id, place_id, title, review_text) values (77, 23, 12, 'iterate ubiquitous deliverables', 'a nibh in quis justo maecenas rhoncus aliquam lacus morbi quis tortor id nulla ultrices aliquet maecenas leo odio condimentum id luctus nec molestie sed justo pellentesque');
insert into travelwebsite.review (review_id, user_id, place_id, title, review_text) values (78, 14, 16, 'engineer open-source web services', 'at feugiat non pretium quis lectus suspendisse potenti in eleifend quam a odio in hac habitasse platea dictumst maecenas ut');
insert into travelwebsite.review (review_id, user_id, place_id, title, review_text) values (79, 29, 2, 'engage virtual channels', 'habitasse platea dictumst morbi vestibulum velit id pretium iaculis diam erat fermentum justo nec condimentum neque sapien placerat ante nulla justo aliquam quis turpis eget elit sodales');
insert into travelwebsite.review (review_id, user_id, place_id, title, review_text) values (80, 9, 1, 'benchmark ubiquitous initiatives', 'odio condimentum id luctus nec molestie sed justo pellentesque viverra pede ac diam cras pellentesque volutpat dui maecenas tristique est et');
insert into travelwebsite.review (review_id, user_id, place_id, title, review_text) values (81, 24, 15, 'enable wireless technologies', 'risus praesent lectus vestibulum quam sapien varius ut blandit non interdum in ante vestibulum ante ipsum primis in faucibus orci luctus et ultrices posuere cubilia curae duis faucibus accumsan odio');
insert into travelwebsite.review (review_id, user_id, place_id, title, review_text) values (82, 30, 12, 'repurpose bricks-and-clicks mindshare', 'quisque id justo sit amet sapien dignissim vestibulum vestibulum ante ipsum primis in faucibus orci luctus et ultrices posuere cubilia curae');
insert into travelwebsite.review (review_id, user_id, place_id, title, review_text) values (83, 6, 4, 'exploit wireless experiences', 'nam ultrices libero non mattis pulvinar nulla pede ullamcorper augue a suscipit nulla elit ac nulla sed vel enim sit amet nunc viverra');
insert into travelwebsite.review (review_id, user_id, place_id, title, review_text) values (84, 11, 7, 'engage granular methodologies', 'in faucibus orci luctus et ultrices posuere cubilia curae nulla dapibus dolor vel est donec odio justo sollicitudin ut suscipit a');
insert into travelwebsite.review (review_id, user_id, place_id, title, review_text) values (85, 3, 20, 'incentivize front-end communities', 'odio justo sollicitudin ut suscipit a feugiat et eros vestibulum ac est lacinia nisi venenatis tristique fusce congue diam id ornare imperdiet sapien urna pretium nisl');
insert into travelwebsite.review (review_id, user_id, place_id, title, review_text) values (86, 3, 1, 'facilitate dynamic synergies', 'tincidunt ante vel ipsum praesent blandit lacinia erat vestibulum sed magna at nunc commodo placerat praesent blandit nam nulla integer pede justo lacinia eget tincidunt');
insert into travelwebsite.review (review_id, user_id, place_id, title, review_text) values (87, 8, 12, 'disintermediate sticky systems', 'in faucibus orci luctus et ultrices posuere cubilia curae duis faucibus accumsan odio curabitur convallis duis consequat dui nec nisi volutpat eleifend');
insert into travelwebsite.review (review_id, user_id, place_id, title, review_text) values (88, 22, 20, 'optimize cross-platform relationships', 'sit amet consectetuer adipiscing elit proin interdum mauris non ligula pellentesque ultrices phasellus id sapien in sapien iaculis congue vivamus metus arcu adipiscing molestie hendrerit at vulputate vitae nisl aenean');
insert into travelwebsite.review (review_id, user_id, place_id, title, review_text) values (89, 26, 18, 'utilize rich architectures', 'et ultrices posuere cubilia curae duis faucibus accumsan odio curabitur convallis duis consequat dui nec nisi volutpat eleifend donec ut dolor morbi vel lectus in quam');
insert into travelwebsite.review (review_id, user_id, place_id, title, review_text) values (90, 1, 5, 'unleash proactive vortals', 'quis libero nullam sit amet turpis elementum ligula vehicula consequat morbi a ipsum integer a nibh in quis justo maecenas rhoncus aliquam lacus');
insert into travelwebsite.review (review_id, user_id, place_id, title, review_text) values (91, 25, 18, 'maximize turn-key vortals', 'sit amet sem fusce consequat nulla nisl nunc nisl duis bibendum felis sed interdum venenatis turpis enim blandit mi in porttitor pede justo eu massa donec dapibus duis at velit');
insert into travelwebsite.review (review_id, user_id, place_id, title, review_text) values (92, 27, 2, 'architect intuitive metrics', 'pede posuere nonummy integer non velit donec diam neque vestibulum eget vulputate ut ultrices vel augue vestibulum ante ipsum primis in faucibus orci luctus et');
insert into travelwebsite.review (review_id, user_id, place_id, title, review_text) values (93, 28, 18, 'transition dynamic synergies', 'vel accumsan tellus nisi eu orci mauris lacinia sapien quis libero nullam sit amet turpis elementum ligula vehicula consequat morbi a ipsum');
insert into travelwebsite.review (review_id, user_id, place_id, title, review_text) values (94, 3, 8, 'reintermediate efficient platforms', 'massa quis augue luctus tincidunt nulla mollis molestie lorem quisque ut erat curabitur gravida nisi at nibh in hac habitasse platea dictumst aliquam');
insert into travelwebsite.review (review_id, user_id, place_id, title, review_text) values (95, 13, 5, 'generate e-business applications', 'tellus nisi eu orci mauris lacinia sapien quis libero nullam sit amet turpis elementum ligula vehicula consequat morbi a ipsum integer a nibh in quis');
insert into travelwebsite.review (review_id, user_id, place_id, title, review_text) values (96, 28, 17, 'streamline open-source vortals', 'lobortis ligula sit amet eleifend pede libero quis orci nullam molestie nibh in lectus pellentesque at nulla suspendisse potenti cras');
insert into travelwebsite.review (review_id, user_id, place_id, title, review_text) values (97, 11, 10, 'enhance granular convergence', 'imperdiet nullam orci pede venenatis non sodales sed tincidunt eu felis fusce posuere felis sed lacus morbi sem mauris laoreet ut rhoncus aliquet pulvinar sed nisl');
insert into travelwebsite.review (review_id, user_id, place_id, title, review_text) values (98, 13, 11, 'redefine extensible technologies', 'elit ac nulla sed vel enim sit amet nunc viverra dapibus nulla suscipit ligula in lacus curabitur at ipsum ac tellus semper interdum mauris ullamcorper purus sit amet nulla');
insert into travelwebsite.review (review_id, user_id, place_id, title, review_text) values (99, 22, 4, 'reinvent collaborative partnerships', 'maecenas pulvinar lobortis est phasellus sit amet erat nulla tempus vivamus in felis eu sapien cursus vestibulum proin eu mi nulla ac enim');
insert into travelwebsite.review (review_id, user_id, place_id, title, review_text) values (100, 18, 19, 'strategize open-source infomediaries', 'erat quisque erat eros viverra eget congue eget semper rutrum nulla nunc purus phasellus in felis donec semper sapien a libero nam dui proin leo odio porttitor id');
insert into travelwebsite.review (review_id, user_id, place_id, title, review_text) values (101, 8, 9, 'harness cross-platform functionalities', 'interdum eu tincidunt in leo maecenas pulvinar lobortis est phasellus sit amet erat nulla tempus vivamus in felis eu sapien cursus vestibulum proin eu mi nulla ac enim in tempor');
insert into travelwebsite.review (review_id, user_id, place_id, title, review_text) values (102, 24, 4, 'syndicate wireless communities', 'ligula nec sem duis aliquam convallis nunc proin at turpis a pede posuere nonummy integer non velit donec diam neque vestibulum');
insert into travelwebsite.review (review_id, user_id, place_id, title, review_text) values (103, 28, 19, 'iterate dot-com technologies', 'in quis justo maecenas rhoncus aliquam lacus morbi quis tortor id nulla ultrices aliquet maecenas leo odio condimentum id luctus nec molestie sed justo pellentesque viverra pede');
insert into travelwebsite.review (review_id, user_id, place_id, title, review_text) values (104, 1, 10, 'mesh sticky bandwidth', 'pede lobortis ligula sit amet eleifend pede libero quis orci nullam molestie nibh in lectus pellentesque at nulla suspendisse potenti cras in purus eu magna');
insert into travelwebsite.review (review_id, user_id, place_id, title, review_text) values (105, 7, 14, 'seize e-business deliverables', 'tristique fusce congue diam id ornare imperdiet sapien urna pretium nisl ut volutpat sapien arcu sed augue aliquam erat volutpat in congue etiam justo etiam pretium iaculis');
insert into travelwebsite.review (review_id, user_id, place_id, title, review_text) values (106, 21, 6, 'redefine visionary eyeballs', 'enim sit amet nunc viverra dapibus nulla suscipit ligula in lacus curabitur at ipsum ac tellus semper interdum mauris ullamcorper purus sit amet nulla quisque arcu libero rutrum ac lobortis');
insert into travelwebsite.review (review_id, user_id, place_id, title, review_text) values (107, 3, 14, 'unleash clicks-and-mortar channels', 'leo maecenas pulvinar lobortis est phasellus sit amet erat nulla tempus vivamus in felis eu sapien cursus vestibulum proin eu mi nulla ac enim in tempor turpis nec euismod scelerisque');
insert into travelwebsite.review (review_id, user_id, place_id, title, review_text) values (108, 13, 18, 'evolve out-of-the-box channels', 'sapien placerat ante nulla justo aliquam quis turpis eget elit sodales scelerisque mauris sit amet eros suspendisse accumsan tortor quis turpis sed ante vivamus tortor duis');
insert into travelwebsite.review (review_id, user_id, place_id, title, review_text) values (109, 22, 10, 'empower holistic experiences', 'semper rutrum nulla nunc purus phasellus in felis donec semper sapien a libero nam dui proin leo odio porttitor id consequat in');
insert into travelwebsite.review (review_id, user_id, place_id, title, review_text) values (110, 30, 19, 'reinvent extensible experiences', 'tincidunt lacus at velit vivamus vel nulla eget eros elementum pellentesque quisque porta volutpat erat quisque erat eros viverra eget congue');
insert into travelwebsite.review (review_id, user_id, place_id, title, review_text) values (111, 17, 15, 'deliver magnetic communities', 'cursus id turpis integer aliquet massa id lobortis convallis tortor risus dapibus augue vel accumsan tellus nisi eu orci mauris lacinia');
insert into travelwebsite.review (review_id, user_id, place_id, title, review_text) values (112, 15, 5, 'integrate bleeding-edge experiences', 'mauris eget massa tempor convallis nulla neque libero convallis eget eleifend luctus ultricies eu nibh quisque id justo sit amet sapien dignissim vestibulum vestibulum ante ipsum primis');
insert into travelwebsite.review (review_id, user_id, place_id, title, review_text) values (113, 29, 1, 'productize holistic architectures', 'sem sed sagittis nam congue risus semper porta volutpat quam pede lobortis ligula sit amet eleifend pede libero quis orci nullam molestie nibh in lectus pellentesque at nulla suspendisse potenti');
insert into travelwebsite.review (review_id, user_id, place_id, title, review_text) values (114, 24, 9, 'integrate sticky relationships', 'scelerisque quam turpis adipiscing lorem vitae mattis nibh ligula nec sem duis aliquam convallis nunc proin at turpis a pede posuere nonummy integer non velit donec diam neque vestibulum');
insert into travelwebsite.review (review_id, user_id, place_id, title, review_text) values (115, 15, 8, 'empower dynamic niches', 'vel lectus in quam fringilla rhoncus mauris enim leo rhoncus sed vestibulum sit amet cursus id turpis integer aliquet massa id lobortis convallis');
insert into travelwebsite.review (review_id, user_id, place_id, title, review_text) values (116, 11, 2, 'harness impactful e-markets', 'erat volutpat in congue etiam justo etiam pretium iaculis justo in hac habitasse platea dictumst etiam faucibus cursus urna ut tellus nulla');
insert into travelwebsite.review (review_id, user_id, place_id, title, review_text) values (117, 30, 4, 'synthesize interactive channels', 'pede morbi porttitor lorem id ligula suspendisse ornare consequat lectus in est risus auctor sed tristique in tempus sit amet sem fusce consequat nulla');
insert into travelwebsite.review (review_id, user_id, place_id, title, review_text) values (118, 10, 15, 'utilize one-to-one niches', 'libero nullam sit amet turpis elementum ligula vehicula consequat morbi a ipsum integer a nibh in quis justo maecenas rhoncus aliquam lacus morbi quis tortor id nulla ultrices aliquet maecenas');
insert into travelwebsite.review (review_id, user_id, place_id, title, review_text) values (119, 23, 17, 'maximize visionary supply-chains', 'nisl nunc nisl duis bibendum felis sed interdum venenatis turpis enim blandit mi in porttitor pede justo eu massa donec dapibus');
insert into travelwebsite.review (review_id, user_id, place_id, title, review_text) values (120, 21, 18, 'deliver value-added synergies', 'integer ac leo pellentesque ultrices mattis odio donec vitae nisi nam ultrices libero non mattis pulvinar nulla pede ullamcorper augue a suscipit');
insert into travelwebsite.review (review_id, user_id, place_id, title, review_text) values (121, 27, 3, 'maximize interactive infrastructures', 'laoreet ut rhoncus aliquet pulvinar sed nisl nunc rhoncus dui vel sem sed sagittis nam congue risus semper porta volutpat quam pede lobortis ligula sit amet eleifend pede libero');
insert into travelwebsite.review (review_id, user_id, place_id, title, review_text) values (122, 2, 9, 'drive synergistic e-markets', 'sit amet turpis elementum ligula vehicula consequat morbi a ipsum integer a nibh in quis justo maecenas rhoncus aliquam lacus morbi quis');
insert into travelwebsite.review (review_id, user_id, place_id, title, review_text) values (123, 15, 3, 'redefine vertical e-commerce', 'porttitor id consequat in consequat ut nulla sed accumsan felis ut at dolor quis odio consequat varius integer ac leo pellentesque ultrices');
insert into travelwebsite.review (review_id, user_id, place_id, title, review_text) values (124, 12, 6, 'evolve sticky infomediaries', 'posuere felis sed lacus morbi sem mauris laoreet ut rhoncus aliquet pulvinar sed nisl nunc rhoncus dui vel sem sed sagittis nam congue risus semper porta volutpat quam pede lobortis');
insert into travelwebsite.review (review_id, user_id, place_id, title, review_text) values (125, 22, 10, 'reintermediate rich channels', 'id ornare imperdiet sapien urna pretium nisl ut volutpat sapien arcu sed augue aliquam erat volutpat in congue etiam justo etiam pretium iaculis justo in hac habitasse platea dictumst');
insert into travelwebsite.review (review_id, user_id, place_id, title, review_text) values (126, 24, 19, 'revolutionize transparent e-business', 'lectus suspendisse potenti in eleifend quam a odio in hac habitasse platea dictumst maecenas ut massa quis augue luctus tincidunt nulla mollis molestie');
insert into travelwebsite.review (review_id, user_id, place_id, title, review_text) values (127, 23, 5, 'recontextualize bleeding-edge technologies', 'sit amet justo morbi ut odio cras mi pede malesuada in imperdiet et commodo vulputate justo in blandit ultrices enim lorem ipsum dolor sit amet consectetuer adipiscing elit proin interdum');
insert into travelwebsite.review (review_id, user_id, place_id, title, review_text) values (128, 8, 4, 'incentivize magnetic interfaces', 'molestie lorem quisque ut erat curabitur gravida nisi at nibh in hac habitasse platea dictumst aliquam augue quam sollicitudin vitae consectetuer eget rutrum at lorem integer tincidunt ante');
insert into travelwebsite.review (review_id, user_id, place_id, title, review_text) values (129, 26, 16, 'productize one-to-one markets', 'eu tincidunt in leo maecenas pulvinar lobortis est phasellus sit amet erat nulla tempus vivamus in felis eu sapien cursus vestibulum proin eu mi');
insert into travelwebsite.review (review_id, user_id, place_id, title, review_text) values (130, 4, 5, 'transition 24/365 e-business', 'proin at turpis a pede posuere nonummy integer non velit donec diam neque vestibulum eget vulputate ut ultrices vel augue vestibulum ante ipsum primis in faucibus orci luctus et ultrices');
insert into travelwebsite.review (review_id, user_id, place_id, title, review_text) values (131, 15, 18, 'reintermediate impactful networks', 'ut massa volutpat convallis morbi odio odio elementum eu interdum eu tincidunt in leo maecenas pulvinar lobortis est phasellus sit amet erat');
insert into travelwebsite.review (review_id, user_id, place_id, title, review_text) values (132, 9, 6, 'integrate robust experiences', 'tellus nisi eu orci mauris lacinia sapien quis libero nullam sit amet turpis elementum ligula vehicula consequat morbi a ipsum integer a');
insert into travelwebsite.review (review_id, user_id, place_id, title, review_text) values (133, 21, 8, 'enable leading-edge communities', 'quis justo maecenas rhoncus aliquam lacus morbi quis tortor id nulla ultrices aliquet maecenas leo odio condimentum id luctus nec molestie');
insert into travelwebsite.review (review_id, user_id, place_id, title, review_text) values (134, 18, 3, 'embrace B2B experiences', 'vitae mattis nibh ligula nec sem duis aliquam convallis nunc proin at turpis a pede posuere nonummy integer non velit donec diam neque vestibulum eget vulputate ut ultrices');
insert into travelwebsite.review (review_id, user_id, place_id, title, review_text) values (135, 21, 8, 'enable rich users', 'odio justo sollicitudin ut suscipit a feugiat et eros vestibulum ac est lacinia nisi venenatis tristique fusce congue diam id ornare imperdiet sapien urna pretium nisl ut volutpat sapien');
insert into travelwebsite.review (review_id, user_id, place_id, title, review_text) values (136, 19, 15, 'envisioneer B2C niches', 'non velit nec nisi vulputate nonummy maecenas tincidunt lacus at velit vivamus vel nulla eget eros elementum pellentesque quisque porta');
insert into travelwebsite.review (review_id, user_id, place_id, title, review_text) values (137, 12, 8, 'recontextualize extensible markets', 'dui vel nisl duis ac nibh fusce lacus purus aliquet at feugiat non pretium quis lectus suspendisse potenti in eleifend quam');
insert into travelwebsite.review (review_id, user_id, place_id, title, review_text) values (138, 15, 6, 'visualize compelling channels', 'porttitor lacus at turpis donec posuere metus vitae ipsum aliquam non mauris morbi non lectus aliquam sit amet diam in magna bibendum imperdiet nullam orci pede venenatis non sodales');
insert into travelwebsite.review (review_id, user_id, place_id, title, review_text) values (139, 30, 18, 'aggregate one-to-one systems', 'at turpis a pede posuere nonummy integer non velit donec diam neque vestibulum eget vulputate ut ultrices vel augue vestibulum ante ipsum primis in faucibus orci luctus et ultrices');
insert into travelwebsite.review (review_id, user_id, place_id, title, review_text) values (140, 19, 5, 'leverage web-enabled e-business', 'sem sed sagittis nam congue risus semper porta volutpat quam pede lobortis ligula sit amet eleifend pede libero quis orci nullam molestie nibh in lectus pellentesque at nulla');
insert into travelwebsite.review (review_id, user_id, place_id, title, review_text) values (141, 12, 14, 'aggregate world-class methodologies', 'sapien varius ut blandit non interdum in ante vestibulum ante ipsum primis in faucibus orci luctus et ultrices posuere cubilia curae duis faucibus accumsan');
insert into travelwebsite.review (review_id, user_id, place_id, title, review_text) values (142, 6, 19, 'enhance cross-media networks', 'cum sociis natoque penatibus et magnis dis parturient montes nascetur ridiculus mus etiam vel augue vestibulum rutrum rutrum neque aenean');
insert into travelwebsite.review (review_id, user_id, place_id, title, review_text) values (143, 28, 13, 'incubate dynamic supply-chains', 'sit amet cursus id turpis integer aliquet massa id lobortis convallis tortor risus dapibus augue vel accumsan tellus nisi eu');
insert into travelwebsite.review (review_id, user_id, place_id, title, review_text) values (144, 7, 16, 'streamline one-to-one solutions', 'molestie hendrerit at vulputate vitae nisl aenean lectus pellentesque eget nunc donec quis orci eget orci vehicula condimentum curabitur in libero ut massa volutpat convallis morbi odio odio elementum');
insert into travelwebsite.review (review_id, user_id, place_id, title, review_text) values (145, 16, 13, 'envisioneer robust supply-chains', 'ante vel ipsum praesent blandit lacinia erat vestibulum sed magna at nunc commodo placerat praesent blandit nam nulla integer pede justo lacinia eget');
insert into travelwebsite.review (review_id, user_id, place_id, title, review_text) values (146, 17, 18, 'reinvent world-class functionalities', 'rutrum neque aenean auctor gravida sem praesent id massa id nisl venenatis lacinia aenean sit amet justo morbi ut odio cras mi pede malesuada in imperdiet et commodo vulputate justo');
insert into travelwebsite.review (review_id, user_id, place_id, title, review_text) values (147, 15, 3, 'seize proactive experiences', 'pellentesque at nulla suspendisse potenti cras in purus eu magna vulputate luctus cum sociis natoque penatibus et magnis dis parturient montes nascetur ridiculus mus vivamus vestibulum sagittis sapien cum sociis');
insert into travelwebsite.review (review_id, user_id, place_id, title, review_text) values (148, 8, 11, 'orchestrate holistic mindshare', 'cras in purus eu magna vulputate luctus cum sociis natoque penatibus et magnis dis parturient montes nascetur ridiculus mus vivamus vestibulum sagittis sapien cum sociis');
insert into travelwebsite.review (review_id, user_id, place_id, title, review_text) values (149, 26, 10, 'embrace best-of-breed synergies', 'aliquet massa id lobortis convallis tortor risus dapibus augue vel accumsan tellus nisi eu orci mauris lacinia sapien quis libero nullam sit amet turpis elementum ligula vehicula consequat');
insert into travelwebsite.review (review_id, user_id, place_id, title, review_text) values (150, 3, 10, 'incubate sexy markets', 'eu felis fusce posuere felis sed lacus morbi sem mauris laoreet ut rhoncus aliquet pulvinar sed nisl nunc rhoncus dui vel sem sed sagittis nam congue risus semper');
insert into travelwebsite.review (review_id, user_id, place_id, title, review_text) values (151, 7, 14, 'engineer virtual infomediaries', 'odio porttitor id consequat in consequat ut nulla sed accumsan felis ut at dolor quis odio consequat varius integer ac leo pellentesque');
insert into travelwebsite.review (review_id, user_id, place_id, title, review_text) values (152, 10, 15, 'incubate B2C ROI', 'vehicula consequat morbi a ipsum integer a nibh in quis justo maecenas rhoncus aliquam lacus morbi quis tortor id nulla ultrices aliquet maecenas leo odio condimentum id');
insert into travelwebsite.review (review_id, user_id, place_id, title, review_text) values (153, 24, 2, 'redefine frictionless infrastructures', 'neque vestibulum eget vulputate ut ultrices vel augue vestibulum ante ipsum primis in faucibus orci luctus et ultrices posuere cubilia curae donec pharetra magna vestibulum aliquet ultrices erat');
insert into travelwebsite.review (review_id, user_id, place_id, title, review_text) values (154, 30, 15, 'aggregate visionary infomediaries', 'sed augue aliquam erat volutpat in congue etiam justo etiam pretium iaculis justo in hac habitasse platea dictumst etiam faucibus cursus urna');
insert into travelwebsite.review (review_id, user_id, place_id, title, review_text) values (155, 6, 19, 'whiteboard value-added synergies', 'rutrum nulla nunc purus phasellus in felis donec semper sapien a libero nam dui proin leo odio porttitor id consequat');
insert into travelwebsite.review (review_id, user_id, place_id, title, review_text) values (156, 9, 5, 'brand cross-platform communities', 'nascetur ridiculus mus vivamus vestibulum sagittis sapien cum sociis natoque penatibus et magnis dis parturient montes nascetur ridiculus mus etiam vel augue vestibulum rutrum rutrum neque aenean auctor gravida');
insert into travelwebsite.review (review_id, user_id, place_id, title, review_text) values (157, 17, 1, 'reintermediate strategic schemas', 'integer pede justo lacinia eget tincidunt eget tempus vel pede morbi porttitor lorem id ligula suspendisse ornare consequat lectus in est risus auctor sed tristique');
insert into travelwebsite.review (review_id, user_id, place_id, title, review_text) values (158, 2, 12, 'incubate cutting-edge functionalities', 'dolor morbi vel lectus in quam fringilla rhoncus mauris enim leo rhoncus sed vestibulum sit amet cursus id turpis integer aliquet massa');
insert into travelwebsite.review (review_id, user_id, place_id, title, review_text) values (159, 18, 5, 'orchestrate proactive paradigms', 'venenatis non sodales sed tincidunt eu felis fusce posuere felis sed lacus morbi sem mauris laoreet ut rhoncus aliquet pulvinar sed nisl nunc rhoncus dui');
insert into travelwebsite.review (review_id, user_id, place_id, title, review_text) values (160, 13, 5, 'reintermediate innovative technologies', 'ligula sit amet eleifend pede libero quis orci nullam molestie nibh in lectus pellentesque at nulla suspendisse potenti cras in purus eu magna vulputate luctus cum sociis natoque penatibus');
insert into travelwebsite.review (review_id, user_id, place_id, title, review_text) values (161, 16, 11, 'reintermediate intuitive infrastructures', 'donec pharetra magna vestibulum aliquet ultrices erat tortor sollicitudin mi sit amet lobortis sapien sapien non mi integer ac neque');
insert into travelwebsite.review (review_id, user_id, place_id, title, review_text) values (162, 14, 3, 'synergize wireless e-tailers', 'aliquam quis turpis eget elit sodales scelerisque mauris sit amet eros suspendisse accumsan tortor quis turpis sed ante vivamus tortor');
insert into travelwebsite.review (review_id, user_id, place_id, title, review_text) values (163, 12, 18, 'target one-to-one e-business', 'donec diam neque vestibulum eget vulputate ut ultrices vel augue vestibulum ante ipsum primis in faucibus orci luctus et ultrices posuere cubilia curae donec pharetra');
insert into travelwebsite.review (review_id, user_id, place_id, title, review_text) values (164, 1, 4, 'strategize leading-edge e-services', 'integer non velit donec diam neque vestibulum eget vulputate ut ultrices vel augue vestibulum ante ipsum primis in faucibus orci luctus et ultrices posuere cubilia curae donec pharetra');
insert into travelwebsite.review (review_id, user_id, place_id, title, review_text) values (165, 28, 8, 'empower magnetic markets', 'consectetuer adipiscing elit proin interdum mauris non ligula pellentesque ultrices phasellus id sapien in sapien iaculis congue vivamus metus arcu adipiscing molestie hendrerit at vulputate vitae nisl');
insert into travelwebsite.review (review_id, user_id, place_id, title, review_text) values (166, 17, 8, 'syndicate open-source portals', 'felis ut at dolor quis odio consequat varius integer ac leo pellentesque ultrices mattis odio donec vitae nisi nam ultrices libero non mattis pulvinar nulla pede ullamcorper augue a suscipit');
insert into travelwebsite.review (review_id, user_id, place_id, title, review_text) values (167, 25, 9, 'revolutionize sexy deliverables', 'mi nulla ac enim in tempor turpis nec euismod scelerisque quam turpis adipiscing lorem vitae mattis nibh ligula nec sem duis');
insert into travelwebsite.review (review_id, user_id, place_id, title, review_text) values (168, 29, 8, 'synthesize compelling e-markets', 'morbi porttitor lorem id ligula suspendisse ornare consequat lectus in est risus auctor sed tristique in tempus sit amet sem fusce consequat nulla nisl nunc nisl duis bibendum');
insert into travelwebsite.review (review_id, user_id, place_id, title, review_text) values (169, 5, 6, 'expedite value-added paradigms', 'volutpat sapien arcu sed augue aliquam erat volutpat in congue etiam justo etiam pretium iaculis justo in hac habitasse platea dictumst etiam');
insert into travelwebsite.review (review_id, user_id, place_id, title, review_text) values (170, 7, 16, 'syndicate transparent partnerships', 'consequat in consequat ut nulla sed accumsan felis ut at dolor quis odio consequat varius integer ac leo pellentesque ultrices mattis odio donec vitae nisi nam ultrices libero non');
insert into travelwebsite.review (review_id, user_id, place_id, title, review_text) values (171, 14, 20, 'seize next-generation supply-chains', 'odio curabitur convallis duis consequat dui nec nisi volutpat eleifend donec ut dolor morbi vel lectus in quam fringilla rhoncus mauris enim leo');
insert into travelwebsite.review (review_id, user_id, place_id, title, review_text) values (172, 21, 4, 'deploy B2B channels', 'sapien urna pretium nisl ut volutpat sapien arcu sed augue aliquam erat volutpat in congue etiam justo etiam pretium iaculis justo in');
insert into travelwebsite.review (review_id, user_id, place_id, title, review_text) values (173, 16, 17, 'whiteboard compelling relationships', 'posuere metus vitae ipsum aliquam non mauris morbi non lectus aliquam sit amet diam in magna bibendum imperdiet nullam orci pede venenatis non sodales sed tincidunt eu felis fusce posuere');
insert into travelwebsite.review (review_id, user_id, place_id, title, review_text) values (174, 21, 9, 'redefine user-centric schemas', 'tortor id nulla ultrices aliquet maecenas leo odio condimentum id luctus nec molestie sed justo pellentesque viverra pede ac diam cras pellentesque volutpat dui maecenas');
insert into travelwebsite.review (review_id, user_id, place_id, title, review_text) values (175, 28, 8, 'redefine out-of-the-box paradigms', 'donec pharetra magna vestibulum aliquet ultrices erat tortor sollicitudin mi sit amet lobortis sapien sapien non mi integer ac neque duis');
insert into travelwebsite.review (review_id, user_id, place_id, title, review_text) values (176, 17, 8, 'benchmark integrated architectures', 'est congue elementum in hac habitasse platea dictumst morbi vestibulum velit id pretium iaculis diam erat fermentum justo nec condimentum neque sapien placerat ante');
insert into travelwebsite.review (review_id, user_id, place_id, title, review_text) values (177, 9, 18, 'mesh killer e-business', 'quis turpis sed ante vivamus tortor duis mattis egestas metus aenean fermentum donec ut mauris eget massa tempor convallis nulla neque libero convallis eget eleifend');
insert into travelwebsite.review (review_id, user_id, place_id, title, review_text) values (178, 3, 5, 'reinvent visionary eyeballs', 'lacinia aenean sit amet justo morbi ut odio cras mi pede malesuada in imperdiet et commodo vulputate justo in blandit ultrices enim lorem ipsum dolor sit');
insert into travelwebsite.review (review_id, user_id, place_id, title, review_text) values (179, 10, 8, 'visualize customized convergence', 'sed lacus morbi sem mauris laoreet ut rhoncus aliquet pulvinar sed nisl nunc rhoncus dui vel sem sed sagittis nam congue');
insert into travelwebsite.review (review_id, user_id, place_id, title, review_text) values (180, 23, 4, 'empower magnetic e-markets', 'pede posuere nonummy integer non velit donec diam neque vestibulum eget vulputate ut ultrices vel augue vestibulum ante ipsum primis in faucibus orci luctus et ultrices');
insert into travelwebsite.review (review_id, user_id, place_id, title, review_text) values (181, 18, 2, 'maximize seamless functionalities', 'volutpat sapien arcu sed augue aliquam erat volutpat in congue etiam justo etiam pretium iaculis justo in hac habitasse platea dictumst etiam faucibus cursus urna ut tellus nulla ut erat');
insert into travelwebsite.review (review_id, user_id, place_id, title, review_text) values (182, 15, 14, 'cultivate 24/7 e-services', 'enim leo rhoncus sed vestibulum sit amet cursus id turpis integer aliquet massa id lobortis convallis tortor risus dapibus augue vel accumsan tellus nisi eu orci mauris');
insert into travelwebsite.review (review_id, user_id, place_id, title, review_text) values (183, 17, 18, 'expedite mission-critical e-markets', 'dolor sit amet consectetuer adipiscing elit proin interdum mauris non ligula pellentesque ultrices phasellus id sapien in sapien iaculis congue vivamus metus arcu adipiscing molestie hendrerit at vulputate vitae');
insert into travelwebsite.review (review_id, user_id, place_id, title, review_text) values (184, 26, 10, 'engineer dynamic bandwidth', 'sit amet lobortis sapien sapien non mi integer ac neque duis bibendum morbi non quam nec dui luctus rutrum nulla');
insert into travelwebsite.review (review_id, user_id, place_id, title, review_text) values (185, 16, 15, 'e-enable cutting-edge eyeballs', 'volutpat eleifend donec ut dolor morbi vel lectus in quam fringilla rhoncus mauris enim leo rhoncus sed vestibulum sit amet cursus id turpis integer aliquet massa id');
insert into travelwebsite.review (review_id, user_id, place_id, title, review_text) values (186, 15, 8, 'cultivate holistic functionalities', 'elementum nullam varius nulla facilisi cras non velit nec nisi vulputate nonummy maecenas tincidunt lacus at velit vivamus vel nulla eget');
insert into travelwebsite.review (review_id, user_id, place_id, title, review_text) values (187, 23, 15, 'optimize cutting-edge e-services', 'praesent blandit lacinia erat vestibulum sed magna at nunc commodo placerat praesent blandit nam nulla integer pede justo lacinia eget tincidunt eget');
insert into travelwebsite.review (review_id, user_id, place_id, title, review_text) values (188, 8, 20, 'harness plug-and-play experiences', 'pede venenatis non sodales sed tincidunt eu felis fusce posuere felis sed lacus morbi sem mauris laoreet ut rhoncus aliquet pulvinar sed nisl nunc rhoncus dui vel sem sed');
insert into travelwebsite.review (review_id, user_id, place_id, title, review_text) values (189, 22, 20, 'reinvent next-generation systems', 'aenean fermentum donec ut mauris eget massa tempor convallis nulla neque libero convallis eget eleifend luctus ultricies eu nibh quisque id justo sit amet sapien');
insert into travelwebsite.review (review_id, user_id, place_id, title, review_text) values (190, 22, 11, 'whiteboard e-business convergence', 'suspendisse potenti nullam porttitor lacus at turpis donec posuere metus vitae ipsum aliquam non mauris morbi non lectus aliquam sit amet diam in magna bibendum imperdiet nullam');
insert into travelwebsite.review (review_id, user_id, place_id, title, review_text) values (191, 18, 20, 'drive virtual markets', 'orci eget orci vehicula condimentum curabitur in libero ut massa volutpat convallis morbi odio odio elementum eu interdum eu tincidunt in leo maecenas pulvinar lobortis est phasellus sit amet erat');
insert into travelwebsite.review (review_id, user_id, place_id, title, review_text) values (192, 7, 14, 'matrix granular partnerships', 'duis at velit eu est congue elementum in hac habitasse platea dictumst morbi vestibulum velit id pretium iaculis diam erat fermentum justo nec condimentum neque sapien placerat ante nulla justo');
insert into travelwebsite.review (review_id, user_id, place_id, title, review_text) values (193, 3, 4, 'architect holistic content', 'tincidunt nulla mollis molestie lorem quisque ut erat curabitur gravida nisi at nibh in hac habitasse platea dictumst aliquam augue quam sollicitudin vitae consectetuer eget rutrum at lorem');
insert into travelwebsite.review (review_id, user_id, place_id, title, review_text) values (194, 19, 4, 'incentivize killer niches', 'lorem ipsum dolor sit amet consectetuer adipiscing elit proin risus praesent lectus vestibulum quam sapien varius ut blandit non interdum in ante vestibulum');
insert into travelwebsite.review (review_id, user_id, place_id, title, review_text) values (195, 11, 17, 'benchmark compelling networks', 'ante ipsum primis in faucibus orci luctus et ultrices posuere cubilia curae duis faucibus accumsan odio curabitur convallis duis consequat dui');
insert into travelwebsite.review (review_id, user_id, place_id, title, review_text) values (196, 20, 5, 'innovate dot-com deliverables', 'aliquet maecenas leo odio condimentum id luctus nec molestie sed justo pellentesque viverra pede ac diam cras pellentesque volutpat dui maecenas tristique est et tempus semper est quam');
insert into travelwebsite.review (review_id, user_id, place_id, title, review_text) values (197, 19, 1, 'unleash extensible initiatives', 'elementum ligula vehicula consequat morbi a ipsum integer a nibh in quis justo maecenas rhoncus aliquam lacus morbi quis tortor id nulla ultrices aliquet maecenas leo odio condimentum id luctus');
insert into travelwebsite.review (review_id, user_id, place_id, title, review_text) values (198, 11, 9, 'implement virtual e-business', 'vestibulum ante ipsum primis in faucibus orci luctus et ultrices posuere cubilia curae nulla dapibus dolor vel est donec odio justo sollicitudin ut suscipit a');
insert into travelwebsite.review (review_id, user_id, place_id, title, review_text) values (199, 23, 11, 'recontextualize impactful models', 'convallis eget eleifend luctus ultricies eu nibh quisque id justo sit amet sapien dignissim vestibulum vestibulum ante ipsum primis in faucibus orci luctus et ultrices');
insert into travelwebsite.review (review_id, user_id, place_id, title, review_text) values (200, 8, 10, 'expedite sticky platforms', 'viverra dapibus nulla suscipit ligula in lacus curabitur at ipsum ac tellus semper interdum mauris ullamcorper purus sit amet nulla quisque arcu libero rutrum ac lobortis');
insert into travelwebsite.review (review_id, user_id, place_id, title, review_text) values (201, 13, 13, 'target interactive functionalities', 'volutpat sapien arcu sed augue aliquam erat volutpat in congue etiam justo etiam pretium iaculis justo in hac habitasse platea dictumst etiam faucibus cursus');
insert into travelwebsite.review (review_id, user_id, place_id, title, review_text) values (202, 21, 1, 'grow viral content', 'id turpis integer aliquet massa id lobortis convallis tortor risus dapibus augue vel accumsan tellus nisi eu orci mauris lacinia sapien quis libero nullam sit amet turpis elementum ligula');
insert into travelwebsite.review (review_id, user_id, place_id, title, review_text) values (203, 1, 14, 'matrix magnetic supply-chains', 'blandit nam nulla integer pede justo lacinia eget tincidunt eget tempus vel pede morbi porttitor lorem id ligula suspendisse ornare consequat lectus');
insert into travelwebsite.review (review_id, user_id, place_id, title, review_text) values (204, 18, 1, 'empower virtual bandwidth', 'ligula nec sem duis aliquam convallis nunc proin at turpis a pede posuere nonummy integer non velit donec diam neque vestibulum eget vulputate ut ultrices vel augue vestibulum ante');
insert into travelwebsite.review (review_id, user_id, place_id, title, review_text) values (205, 6, 14, 'streamline granular bandwidth', 'eu felis fusce posuere felis sed lacus morbi sem mauris laoreet ut rhoncus aliquet pulvinar sed nisl nunc rhoncus dui vel sem');
insert into travelwebsite.review (review_id, user_id, place_id, title, review_text) values (206, 27, 11, 'expedite dynamic infrastructures', 'curabitur gravida nisi at nibh in hac habitasse platea dictumst aliquam augue quam sollicitudin vitae consectetuer eget rutrum at lorem integer tincidunt ante vel ipsum praesent');
insert into travelwebsite.review (review_id, user_id, place_id, title, review_text) values (207, 30, 5, 'drive user-centric bandwidth', 'tempus vivamus in felis eu sapien cursus vestibulum proin eu mi nulla ac enim in tempor turpis nec euismod scelerisque quam turpis adipiscing lorem vitae mattis nibh ligula nec sem');
insert into travelwebsite.review (review_id, user_id, place_id, title, review_text) values (208, 5, 17, 'repurpose vertical systems', 'erat vestibulum sed magna at nunc commodo placerat praesent blandit nam nulla integer pede justo lacinia eget tincidunt eget tempus vel pede morbi');
insert into travelwebsite.review (review_id, user_id, place_id, title, review_text) values (209, 11, 19, 'embrace innovative infomediaries', 'lectus aliquam sit amet diam in magna bibendum imperdiet nullam orci pede venenatis non sodales sed tincidunt eu felis fusce posuere felis');
insert into travelwebsite.review (review_id, user_id, place_id, title, review_text) values (210, 17, 4, 'synthesize next-generation experiences', 'in lacus curabitur at ipsum ac tellus semper interdum mauris ullamcorper purus sit amet nulla quisque arcu libero rutrum ac lobortis vel dapibus');
insert into travelwebsite.review (review_id, user_id, place_id, title, review_text) values (211, 15, 4, 'scale one-to-one partnerships', 'ac diam cras pellentesque volutpat dui maecenas tristique est et tempus semper est quam pharetra magna ac consequat metus sapien');
insert into travelwebsite.review (review_id, user_id, place_id, title, review_text) values (212, 9, 9, 'facilitate viral models', 'bibendum felis sed interdum venenatis turpis enim blandit mi in porttitor pede justo eu massa donec dapibus duis at velit eu est congue elementum in hac habitasse platea dictumst morbi');
insert into travelwebsite.review (review_id, user_id, place_id, title, review_text) values (213, 28, 9, 'aggregate compelling systems', 'id ornare imperdiet sapien urna pretium nisl ut volutpat sapien arcu sed augue aliquam erat volutpat in congue etiam justo etiam pretium iaculis');
insert into travelwebsite.review (review_id, user_id, place_id, title, review_text) values (214, 1, 18, 'incentivize B2C portals', 'nulla suscipit ligula in lacus curabitur at ipsum ac tellus semper interdum mauris ullamcorper purus sit amet nulla quisque arcu libero rutrum ac lobortis vel');
insert into travelwebsite.review (review_id, user_id, place_id, title, review_text) values (215, 5, 17, 'engage vertical web services', 'in sapien iaculis congue vivamus metus arcu adipiscing molestie hendrerit at vulputate vitae nisl aenean lectus pellentesque eget nunc donec quis orci eget orci vehicula condimentum curabitur in libero');
insert into travelwebsite.review (review_id, user_id, place_id, title, review_text) values (216, 24, 20, 'deploy cross-media networks', 'dui luctus rutrum nulla tellus in sagittis dui vel nisl duis ac nibh fusce lacus purus aliquet at feugiat non pretium quis lectus');
insert into travelwebsite.review (review_id, user_id, place_id, title, review_text) values (217, 30, 14, 'syndicate customized experiences', 'congue risus semper porta volutpat quam pede lobortis ligula sit amet eleifend pede libero quis orci nullam molestie nibh in lectus pellentesque at nulla suspendisse potenti cras in');
insert into travelwebsite.review (review_id, user_id, place_id, title, review_text) values (218, 16, 6, 'brand B2C technologies', 'nibh in hac habitasse platea dictumst aliquam augue quam sollicitudin vitae consectetuer eget rutrum at lorem integer tincidunt ante vel ipsum praesent blandit lacinia erat vestibulum');
insert into travelwebsite.review (review_id, user_id, place_id, title, review_text) values (219, 14, 6, 'utilize interactive schemas', 'vel sem sed sagittis nam congue risus semper porta volutpat quam pede lobortis ligula sit amet eleifend pede libero quis orci nullam molestie nibh in lectus pellentesque at');
insert into travelwebsite.review (review_id, user_id, place_id, title, review_text) values (220, 11, 2, 'streamline proactive infomediaries', 'orci luctus et ultrices posuere cubilia curae nulla dapibus dolor vel est donec odio justo sollicitudin ut suscipit a feugiat et eros');
insert into travelwebsite.review (review_id, user_id, place_id, title, review_text) values (221, 2, 18, 'synergize integrated architectures', 'non mi integer ac neque duis bibendum morbi non quam nec dui luctus rutrum nulla tellus in sagittis dui vel nisl duis ac nibh');
insert into travelwebsite.review (review_id, user_id, place_id, title, review_text) values (222, 10, 12, 'maximize cross-media users', 'ut massa volutpat convallis morbi odio odio elementum eu interdum eu tincidunt in leo maecenas pulvinar lobortis est phasellus sit amet erat nulla tempus vivamus in felis eu sapien cursus');
insert into travelwebsite.review (review_id, user_id, place_id, title, review_text) values (223, 5, 4, 'engineer distributed platforms', 'nam dui proin leo odio porttitor id consequat in consequat ut nulla sed accumsan felis ut at dolor quis odio consequat varius integer ac leo pellentesque ultrices mattis odio donec');
insert into travelwebsite.review (review_id, user_id, place_id, title, review_text) values (224, 25, 4, 'incubate value-added vortals', 'tristique in tempus sit amet sem fusce consequat nulla nisl nunc nisl duis bibendum felis sed interdum venenatis turpis enim blandit mi in porttitor pede justo eu massa');
insert into travelwebsite.review (review_id, user_id, place_id, title, review_text) values (225, 15, 15, 'brand transparent relationships', 'rutrum nulla tellus in sagittis dui vel nisl duis ac nibh fusce lacus purus aliquet at feugiat non pretium quis lectus suspendisse potenti in');
insert into travelwebsite.review (review_id, user_id, place_id, title, review_text) values (226, 2, 20, 'aggregate integrated methodologies', 'nisl duis ac nibh fusce lacus purus aliquet at feugiat non pretium quis lectus suspendisse potenti in eleifend quam a odio in');
insert into travelwebsite.review (review_id, user_id, place_id, title, review_text) values (227, 1, 17, 'matrix enterprise platforms', 'odio curabitur convallis duis consequat dui nec nisi volutpat eleifend donec ut dolor morbi vel lectus in quam fringilla rhoncus mauris enim leo rhoncus sed vestibulum sit');
insert into travelwebsite.review (review_id, user_id, place_id, title, review_text) values (228, 9, 7, 'utilize revolutionary partnerships', 'interdum venenatis turpis enim blandit mi in porttitor pede justo eu massa donec dapibus duis at velit eu est congue elementum in hac habitasse platea dictumst morbi vestibulum velit');
insert into travelwebsite.review (review_id, user_id, place_id, title, review_text) values (229, 20, 3, 'envisioneer transparent relationships', 'ut suscipit a feugiat et eros vestibulum ac est lacinia nisi venenatis tristique fusce congue diam id ornare imperdiet sapien urna');
insert into travelwebsite.review (review_id, user_id, place_id, title, review_text) values (230, 26, 4, 'iterate cutting-edge infrastructures', 'donec vitae nisi nam ultrices libero non mattis pulvinar nulla pede ullamcorper augue a suscipit nulla elit ac nulla sed');
insert into travelwebsite.review (review_id, user_id, place_id, title, review_text) values (231, 4, 12, 'engage next-generation e-services', 'quam sollicitudin vitae consectetuer eget rutrum at lorem integer tincidunt ante vel ipsum praesent blandit lacinia erat vestibulum sed magna at nunc commodo placerat praesent blandit nam');
insert into travelwebsite.review (review_id, user_id, place_id, title, review_text) values (232, 23, 10, 'envisioneer clicks-and-mortar functionalities', 'eget eros elementum pellentesque quisque porta volutpat erat quisque erat eros viverra eget congue eget semper rutrum nulla nunc purus phasellus in felis donec semper sapien');
insert into travelwebsite.review (review_id, user_id, place_id, title, review_text) values (233, 7, 8, 'orchestrate 24/365 communities', 'viverra eget congue eget semper rutrum nulla nunc purus phasellus in felis donec semper sapien a libero nam dui proin leo odio porttitor id');
insert into travelwebsite.review (review_id, user_id, place_id, title, review_text) values (234, 7, 13, 'recontextualize value-added eyeballs', 'sem sed sagittis nam congue risus semper porta volutpat quam pede lobortis ligula sit amet eleifend pede libero quis orci');
insert into travelwebsite.review (review_id, user_id, place_id, title, review_text) values (235, 15, 6, 'aggregate bricks-and-clicks methodologies', 'sapien non mi integer ac neque duis bibendum morbi non quam nec dui luctus rutrum nulla tellus in sagittis dui vel nisl duis ac');
insert into travelwebsite.review (review_id, user_id, place_id, title, review_text) values (236, 18, 12, 'strategize sticky architectures', 'natoque penatibus et magnis dis parturient montes nascetur ridiculus mus etiam vel augue vestibulum rutrum rutrum neque aenean auctor gravida sem praesent id massa id');
insert into travelwebsite.review (review_id, user_id, place_id, title, review_text) values (237, 28, 10, 'productize ubiquitous supply-chains', 'gravida sem praesent id massa id nisl venenatis lacinia aenean sit amet justo morbi ut odio cras mi pede malesuada in imperdiet et commodo vulputate justo in blandit');
insert into travelwebsite.review (review_id, user_id, place_id, title, review_text) values (238, 9, 16, 'engage intuitive e-tailers', 'viverra diam vitae quam suspendisse potenti nullam porttitor lacus at turpis donec posuere metus vitae ipsum aliquam non mauris morbi non lectus aliquam sit amet diam in');
insert into travelwebsite.review (review_id, user_id, place_id, title, review_text) values (239, 13, 16, 'e-enable out-of-the-box functionalities', 'tortor risus dapibus augue vel accumsan tellus nisi eu orci mauris lacinia sapien quis libero nullam sit amet turpis elementum ligula vehicula consequat morbi a ipsum integer a nibh');
insert into travelwebsite.review (review_id, user_id, place_id, title, review_text) values (240, 6, 20, 'enhance killer paradigms', 'elit sodales scelerisque mauris sit amet eros suspendisse accumsan tortor quis turpis sed ante vivamus tortor duis mattis egestas metus aenean fermentum donec ut mauris eget massa tempor');
insert into travelwebsite.review (review_id, user_id, place_id, title, review_text) values (241, 22, 19, 'morph wireless mindshare', 'ultrices erat tortor sollicitudin mi sit amet lobortis sapien sapien non mi integer ac neque duis bibendum morbi non quam nec dui luctus rutrum');
insert into travelwebsite.review (review_id, user_id, place_id, title, review_text) values (242, 23, 3, 'innovate seamless web-readiness', 'ullamcorper augue a suscipit nulla elit ac nulla sed vel enim sit amet nunc viverra dapibus nulla suscipit ligula in lacus');
insert into travelwebsite.review (review_id, user_id, place_id, title, review_text) values (243, 30, 20, 'reintermediate one-to-one vortals', 'odio in hac habitasse platea dictumst maecenas ut massa quis augue luctus tincidunt nulla mollis molestie lorem quisque ut erat curabitur gravida');
insert into travelwebsite.review (review_id, user_id, place_id, title, review_text) values (244, 14, 11, 'incentivize revolutionary relationships', 'nibh in lectus pellentesque at nulla suspendisse potenti cras in purus eu magna vulputate luctus cum sociis natoque penatibus et magnis dis parturient montes nascetur ridiculus mus');
insert into travelwebsite.review (review_id, user_id, place_id, title, review_text) values (245, 18, 6, 'target enterprise communities', 'purus eu magna vulputate luctus cum sociis natoque penatibus et magnis dis parturient montes nascetur ridiculus mus vivamus vestibulum sagittis sapien cum sociis natoque penatibus et magnis dis parturient montes');
insert into travelwebsite.review (review_id, user_id, place_id, title, review_text) values (246, 26, 6, 'synergize strategic convergence', 'elementum pellentesque quisque porta volutpat erat quisque erat eros viverra eget congue eget semper rutrum nulla nunc purus phasellus in felis');
insert into travelwebsite.review (review_id, user_id, place_id, title, review_text) values (247, 4, 3, 'drive web-enabled communities', 'vitae consectetuer eget rutrum at lorem integer tincidunt ante vel ipsum praesent blandit lacinia erat vestibulum sed magna at nunc commodo placerat praesent blandit nam nulla');
insert into travelwebsite.review (review_id, user_id, place_id, title, review_text) values (248, 9, 15, 'envisioneer killer systems', 'eros viverra eget congue eget semper rutrum nulla nunc purus phasellus in felis donec semper sapien a libero nam dui proin leo odio porttitor id consequat in consequat');
insert into travelwebsite.review (review_id, user_id, place_id, title, review_text) values (249, 18, 7, 'redefine revolutionary portals', 'turpis sed ante vivamus tortor duis mattis egestas metus aenean fermentum donec ut mauris eget massa tempor convallis nulla neque libero convallis eget eleifend luctus ultricies eu nibh');
insert into travelwebsite.review (review_id, user_id, place_id, title, review_text) values (250, 18, 4, 'utilize sticky platforms', 'urna pretium nisl ut volutpat sapien arcu sed augue aliquam erat volutpat in congue etiam justo etiam pretium iaculis justo in hac habitasse');
insert into travelwebsite.review (review_id, user_id, place_id, title, review_text) values (251, 1, 4, 'reintermediate distributed e-business', 'tellus in sagittis dui vel nisl duis ac nibh fusce lacus purus aliquet at feugiat non pretium quis lectus suspendisse potenti in eleifend');
insert into travelwebsite.review (review_id, user_id, place_id, title, review_text) values (252, 28, 5, 'seize real-time e-markets', 'pretium nisl ut volutpat sapien arcu sed augue aliquam erat volutpat in congue etiam justo etiam pretium iaculis justo in');
insert into travelwebsite.review (review_id, user_id, place_id, title, review_text) values (253, 19, 7, 'facilitate back-end infomediaries', 'luctus et ultrices posuere cubilia curae mauris viverra diam vitae quam suspendisse potenti nullam porttitor lacus at turpis donec posuere metus vitae ipsum');
insert into travelwebsite.review (review_id, user_id, place_id, title, review_text) values (254, 1, 6, 'syndicate transparent content', 'at dolor quis odio consequat varius integer ac leo pellentesque ultrices mattis odio donec vitae nisi nam ultrices libero non');
insert into travelwebsite.review (review_id, user_id, place_id, title, review_text) values (255, 4, 17, 'mesh magnetic e-tailers', 'faucibus orci luctus et ultrices posuere cubilia curae nulla dapibus dolor vel est donec odio justo sollicitudin ut suscipit a feugiat et eros vestibulum ac est lacinia nisi');
insert into travelwebsite.review (review_id, user_id, place_id, title, review_text) values (256, 3, 5, 'exploit customized technologies', 'fusce lacus purus aliquet at feugiat non pretium quis lectus suspendisse potenti in eleifend quam a odio in hac habitasse platea dictumst maecenas');
insert into travelwebsite.review (review_id, user_id, place_id, title, review_text) values (257, 5, 5, 'optimize mission-critical solutions', 'nulla elit ac nulla sed vel enim sit amet nunc viverra dapibus nulla suscipit ligula in lacus curabitur at ipsum ac');
insert into travelwebsite.review (review_id, user_id, place_id, title, review_text) values (258, 1, 17, 'deploy e-business initiatives', 'posuere cubilia curae nulla dapibus dolor vel est donec odio justo sollicitudin ut suscipit a feugiat et eros vestibulum ac est lacinia nisi venenatis tristique fusce congue diam');
insert into travelwebsite.review (review_id, user_id, place_id, title, review_text) values (259, 4, 9, 'synthesize sticky architectures', 'porta volutpat quam pede lobortis ligula sit amet eleifend pede libero quis orci nullam molestie nibh in lectus pellentesque at');
insert into travelwebsite.review (review_id, user_id, place_id, title, review_text) values (260, 1, 12, 'enable impactful web-readiness', 'in est risus auctor sed tristique in tempus sit amet sem fusce consequat nulla nisl nunc nisl duis bibendum felis sed interdum venenatis turpis');
insert into travelwebsite.review (review_id, user_id, place_id, title, review_text) values (261, 7, 5, 'evolve collaborative networks', 'dictumst etiam faucibus cursus urna ut tellus nulla ut erat id mauris vulputate elementum nullam varius nulla facilisi cras non velit nec nisi vulputate');
insert into travelwebsite.review (review_id, user_id, place_id, title, review_text) values (262, 26, 12, 'strategize synergistic e-services', 'nec molestie sed justo pellentesque viverra pede ac diam cras pellentesque volutpat dui maecenas tristique est et tempus semper est quam pharetra magna ac consequat');
insert into travelwebsite.review (review_id, user_id, place_id, title, review_text) values (263, 6, 10, 'drive best-of-breed e-services', 'faucibus orci luctus et ultrices posuere cubilia curae mauris viverra diam vitae quam suspendisse potenti nullam porttitor lacus at turpis donec posuere metus vitae');
insert into travelwebsite.review (review_id, user_id, place_id, title, review_text) values (264, 5, 5, 'optimize dot-com partnerships', 'integer ac neque duis bibendum morbi non quam nec dui luctus rutrum nulla tellus in sagittis dui vel nisl duis ac nibh fusce lacus purus aliquet at feugiat non pretium');
insert into travelwebsite.review (review_id, user_id, place_id, title, review_text) values (265, 19, 15, 'aggregate best-of-breed experiences', 'sed interdum venenatis turpis enim blandit mi in porttitor pede justo eu massa donec dapibus duis at velit eu est congue elementum in hac');
insert into travelwebsite.review (review_id, user_id, place_id, title, review_text) values (266, 19, 10, 'integrate enterprise channels', 'duis mattis egestas metus aenean fermentum donec ut mauris eget massa tempor convallis nulla neque libero convallis eget eleifend luctus ultricies eu nibh quisque id justo');
insert into travelwebsite.review (review_id, user_id, place_id, title, review_text) values (267, 25, 2, 'transition back-end e-services', 'morbi quis tortor id nulla ultrices aliquet maecenas leo odio condimentum id luctus nec molestie sed justo pellentesque viverra pede ac diam cras pellentesque volutpat dui maecenas tristique');
insert into travelwebsite.review (review_id, user_id, place_id, title, review_text) values (268, 25, 12, 'optimize killer e-services', 'turpis sed ante vivamus tortor duis mattis egestas metus aenean fermentum donec ut mauris eget massa tempor convallis nulla neque libero convallis eget eleifend luctus ultricies eu nibh quisque');
insert into travelwebsite.review (review_id, user_id, place_id, title, review_text) values (269, 25, 18, 'syndicate best-of-breed vortals', 'mauris enim leo rhoncus sed vestibulum sit amet cursus id turpis integer aliquet massa id lobortis convallis tortor risus dapibus augue');
insert into travelwebsite.review (review_id, user_id, place_id, title, review_text) values (270, 14, 1, 'reinvent e-business architectures', 'vulputate nonummy maecenas tincidunt lacus at velit vivamus vel nulla eget eros elementum pellentesque quisque porta volutpat erat quisque erat eros viverra');
insert into travelwebsite.review (review_id, user_id, place_id, title, review_text) values (271, 2, 18, 'transition proactive platforms', 'sit amet turpis elementum ligula vehicula consequat morbi a ipsum integer a nibh in quis justo maecenas rhoncus aliquam lacus morbi quis tortor');
insert into travelwebsite.review (review_id, user_id, place_id, title, review_text) values (272, 29, 8, 'e-enable intuitive relationships', 'eu mi nulla ac enim in tempor turpis nec euismod scelerisque quam turpis adipiscing lorem vitae mattis nibh ligula nec sem duis aliquam');
insert into travelwebsite.review (review_id, user_id, place_id, title, review_text) values (273, 28, 4, 'benchmark interactive synergies', 'vestibulum ante ipsum primis in faucibus orci luctus et ultrices posuere cubilia curae duis faucibus accumsan odio curabitur convallis duis consequat dui nec nisi volutpat eleifend donec');
insert into travelwebsite.review (review_id, user_id, place_id, title, review_text) values (274, 19, 9, 'architect robust vortals', 'justo in blandit ultrices enim lorem ipsum dolor sit amet consectetuer adipiscing elit proin interdum mauris non ligula pellentesque ultrices phasellus id sapien in sapien iaculis congue vivamus metus');
insert into travelwebsite.review (review_id, user_id, place_id, title, review_text) values (275, 16, 15, 'maximize ubiquitous deliverables', 'ut volutpat sapien arcu sed augue aliquam erat volutpat in congue etiam justo etiam pretium iaculis justo in hac habitasse platea');
insert into travelwebsite.review (review_id, user_id, place_id, title, review_text) values (276, 16, 10, 'revolutionize cutting-edge e-services', 'elit proin interdum mauris non ligula pellentesque ultrices phasellus id sapien in sapien iaculis congue vivamus metus arcu adipiscing molestie hendrerit at vulputate vitae nisl aenean lectus pellentesque eget');
insert into travelwebsite.review (review_id, user_id, place_id, title, review_text) values (277, 21, 5, 'engineer next-generation ROI', 'pulvinar sed nisl nunc rhoncus dui vel sem sed sagittis nam congue risus semper porta volutpat quam pede lobortis ligula sit');
insert into travelwebsite.review (review_id, user_id, place_id, title, review_text) values (278, 19, 18, 'visualize e-business convergence', 'in libero ut massa volutpat convallis morbi odio odio elementum eu interdum eu tincidunt in leo maecenas pulvinar lobortis est phasellus sit amet');
insert into travelwebsite.review (review_id, user_id, place_id, title, review_text) values (279, 17, 15, 'reintermediate proactive e-markets', 'sapien dignissim vestibulum vestibulum ante ipsum primis in faucibus orci luctus et ultrices posuere cubilia curae nulla dapibus dolor vel est');
insert into travelwebsite.review (review_id, user_id, place_id, title, review_text) values (280, 30, 10, 'optimize enterprise users', 'est donec odio justo sollicitudin ut suscipit a feugiat et eros vestibulum ac est lacinia nisi venenatis tristique fusce congue diam');
insert into travelwebsite.review (review_id, user_id, place_id, title, review_text) values (281, 7, 1, 'extend holistic users', 'molestie lorem quisque ut erat curabitur gravida nisi at nibh in hac habitasse platea dictumst aliquam augue quam sollicitudin vitae consectetuer eget rutrum at lorem integer tincidunt');
insert into travelwebsite.review (review_id, user_id, place_id, title, review_text) values (282, 14, 9, 'reintermediate B2B paradigms', 'nullam molestie nibh in lectus pellentesque at nulla suspendisse potenti cras in purus eu magna vulputate luctus cum sociis natoque penatibus');
insert into travelwebsite.review (review_id, user_id, place_id, title, review_text) values (283, 17, 8, 'expedite interactive web services', 'posuere cubilia curae donec pharetra magna vestibulum aliquet ultrices erat tortor sollicitudin mi sit amet lobortis sapien sapien non mi integer ac');
insert into travelwebsite.review (review_id, user_id, place_id, title, review_text) values (284, 14, 1, 'transition customized infrastructures', 'duis bibendum felis sed interdum venenatis turpis enim blandit mi in porttitor pede justo eu massa donec dapibus duis at velit eu est congue elementum in hac habitasse');
insert into travelwebsite.review (review_id, user_id, place_id, title, review_text) values (285, 19, 19, 'syndicate turn-key action-items', 'sit amet lobortis sapien sapien non mi integer ac neque duis bibendum morbi non quam nec dui luctus rutrum nulla tellus in sagittis dui');
insert into travelwebsite.review (review_id, user_id, place_id, title, review_text) values (286, 19, 3, 'reintermediate strategic ROI', 'id sapien in sapien iaculis congue vivamus metus arcu adipiscing molestie hendrerit at vulputate vitae nisl aenean lectus pellentesque eget');
insert into travelwebsite.review (review_id, user_id, place_id, title, review_text) values (287, 24, 20, 'matrix best-of-breed solutions', 'vitae ipsum aliquam non mauris morbi non lectus aliquam sit amet diam in magna bibendum imperdiet nullam orci pede venenatis non');
insert into travelwebsite.review (review_id, user_id, place_id, title, review_text) values (288, 19, 9, 'scale clicks-and-mortar schemas', 'nulla elit ac nulla sed vel enim sit amet nunc viverra dapibus nulla suscipit ligula in lacus curabitur at ipsum ac tellus semper interdum mauris ullamcorper');
insert into travelwebsite.review (review_id, user_id, place_id, title, review_text) values (289, 23, 10, 'implement scalable bandwidth', 'leo odio condimentum id luctus nec molestie sed justo pellentesque viverra pede ac diam cras pellentesque volutpat dui maecenas tristique est et tempus semper est quam pharetra magna ac');
insert into travelwebsite.review (review_id, user_id, place_id, title, review_text) values (290, 30, 4, 'reintermediate plug-and-play interfaces', 'ac diam cras pellentesque volutpat dui maecenas tristique est et tempus semper est quam pharetra magna ac consequat metus sapien ut nunc');
insert into travelwebsite.review (review_id, user_id, place_id, title, review_text) values (291, 3, 2, 'brand global niches', 'imperdiet nullam orci pede venenatis non sodales sed tincidunt eu felis fusce posuere felis sed lacus morbi sem mauris laoreet ut rhoncus aliquet pulvinar sed');
insert into travelwebsite.review (review_id, user_id, place_id, title, review_text) values (292, 5, 18, 'drive visionary initiatives', 'nulla ac enim in tempor turpis nec euismod scelerisque quam turpis adipiscing lorem vitae mattis nibh ligula nec sem duis aliquam convallis nunc');
insert into travelwebsite.review (review_id, user_id, place_id, title, review_text) values (293, 17, 3, 'reinvent robust relationships', 'quis justo maecenas rhoncus aliquam lacus morbi quis tortor id nulla ultrices aliquet maecenas leo odio condimentum id luctus nec molestie sed justo');
insert into travelwebsite.review (review_id, user_id, place_id, title, review_text) values (294, 3, 19, 'productize impactful e-tailers', 'in hac habitasse platea dictumst morbi vestibulum velit id pretium iaculis diam erat fermentum justo nec condimentum neque sapien placerat ante nulla');
insert into travelwebsite.review (review_id, user_id, place_id, title, review_text) values (295, 20, 16, 'reintermediate enterprise experiences', 'risus dapibus augue vel accumsan tellus nisi eu orci mauris lacinia sapien quis libero nullam sit amet turpis elementum ligula vehicula consequat morbi a ipsum integer a');
insert into travelwebsite.review (review_id, user_id, place_id, title, review_text) values (296, 7, 3, 'facilitate best-of-breed web-readiness', 'platea dictumst etiam faucibus cursus urna ut tellus nulla ut erat id mauris vulputate elementum nullam varius nulla facilisi cras non velit nec nisi vulputate nonummy');
insert into travelwebsite.review (review_id, user_id, place_id, title, review_text) values (297, 22, 4, 'envisioneer cross-media infrastructures', 'pharetra magna vestibulum aliquet ultrices erat tortor sollicitudin mi sit amet lobortis sapien sapien non mi integer ac neque duis bibendum morbi non');
insert into travelwebsite.review (review_id, user_id, place_id, title, review_text) values (298, 16, 2, 'optimize cutting-edge action-items', 'pretium iaculis diam erat fermentum justo nec condimentum neque sapien placerat ante nulla justo aliquam quis turpis eget elit sodales scelerisque mauris sit amet eros suspendisse accumsan tortor quis');
insert into travelwebsite.review (review_id, user_id, place_id, title, review_text) values (299, 19, 15, 'whiteboard 24/7 schemas', 'sodales scelerisque mauris sit amet eros suspendisse accumsan tortor quis turpis sed ante vivamus tortor duis mattis egestas metus aenean fermentum donec ut mauris eget massa tempor');
insert into travelwebsite.review (review_id, user_id, place_id, title, review_text) values (300, 27, 9, 'monetize efficient mindshare', 'laoreet ut rhoncus aliquet pulvinar sed nisl nunc rhoncus dui vel sem sed sagittis nam congue risus semper porta volutpat quam pede lobortis ligula');
